{
  "root": "loadSupplierSites",
  "actions": {
    "loadSupplierSites": {
      "module": "vb/action/builtin/restAction",
      "parameters": {
        "endpoint": "businessObjects/get_SupplierSites",
        "uriParams": {
          "SupplierSites_Id": "[[ $page.variables.supplierSitesId ]]"
        },
        "responseType": "page:getSupplierSitesResponse"
      },
      "outcomes": {
        "success": "assignPayload",
        "failure": "fireErrorNotification"
      }
    },
    "assignPayload": {
      "module": "vb/action/builtin/assignVariablesAction",
      "parameters": {
        "$page.variables.supplierSites": {
          "source": "{{ $chain.results.loadSupplierSites.body }}"
        },
        "$page.variables.supplierSitesETag": {
          "source": "[[ $chain.results.loadSupplierSites.headers.get('ETag') ]]"
        }
      }
    },
    "fireErrorNotification": {
      "module": "vb/action/builtin/fireNotificationEventAction",
      "parameters": {
        "summary": "Could not load data",
        "message": "{{ 'Could not load data: status ' + $chain.results.loadSupplierSites.status }}",
        "type": "error",
        "displayMode": "persist"
      }
    }
  }
}