300100011327368,DNB,DATA-27368-1-PTYORG-1,,ORGANIZATION,,,CUSTOMER,,DATA-27368-Imp Org1,,,,,,,,,END
300100011327368,DNB,DATA-27368-1-PTYORG-2,,ORGANIZATION,,,SALES_PROSPECT,,DATA-27368-1-XYZ Company,,,,,,,,,END
300100011327368,DNB,DATA-27368-1-PTYPER-1,,PERSON,,,ORG_CONTACT,,,,DATA-27368-1-Mike,Philps,,,,,,END
300100011327368,DNB,DATA-27368-1-PTYPER-2,,PERSON,,,SALES_CONTACT,,,,DATA-27368-1-Jane,Doe,,,,,,END
300100011327368,DNB,DATA-27368-1-PTYORG-RD1,,ORGANIZATION,,,LEGAL_ENTITY,,CUTLER-HAMMER INC,,,,,,,,,END
300100011327368,DNB,DATA-27368-1-PTYPER-RD2,,PERSON,,,ORG_CONTACT,,,,Kate,White,,,,,,END
300100011327368,DNB,DATA-27368-1-PTYORG-BD1,,ORGANIZATION,,,LEGAL_ENTITY,,My Organization,,,,,,,,,END
300100011327368,DNB,DATA-27368-1-PTYORG-BD2,,ORGANIZATION,,,LEGAL_ENTITY,,My Organization,,,,,,,,,END
300100011327368,DNB,DATA-27368-1-PTYPER-DQ22,,PERSON,,,ORG_CONTACT,,,,Jim,Johnson,,,,,,END
300100011327368,DNB,DATA-27368-2-PTYORG-1,,ORGANIZATION,,,CUSTOMER,,DATA-27368-Imp Org2,,,,,,,,,END
300100011327368,DNB,DATA-27368-2-PTYORG-2,,ORGANIZATION,,,SALES_PROSPECT,,DATA-27368-2-XYZ Company,,,,,,,,,END
300100011327368,DNB,DATA-27368-2-PTYPER-1,,PERSON,,,ORG_CONTACT,,,,DATA-27368-2-Mike,Philps,,,,,,END
300100011327368,DNB,DATA-27368-2-PTYPER-2,,PERSON,,,SALES_CONTACT,,,,DATA-27368-2-Jane,Doe,,,,,,END
300100011327368,DNB,DATA-27368-2-PTYORG-RD1,,ORGANIZATION,,,,,CUTLER-HAMMER INC,,,,,,,,,END
300100011327368,DNB,DATA-27368-2-PTYPER-RD2,,PERSON,,,ORG_CONTACT,,,,Kate,White,,,,,,END
300100011327368,DNB,DATA-27368-2-PTYORG-BD1,,ORGANIZATION,,,LEGAL_ENTITY,,My Organization,,,,,,,,,END
300100011327368,DNB,DATA-27368-2-PTYORG-BD2,,ORGANIZATION,,,LEGAL_ENTITY,,My Organization,,,,,,,,,END
300100011327368,DNB,DATA-27368-2-PTYPER-DQ22,,PERSON,,,ORG_CONTACT,,,,Jim,Johnson,,,,,,END
300100011327368,DNB,DATA-27368-3-PTYORG-1,,ORGANIZATION,,,CUSTOMER,,DATA-27368-Imp Org3,,,,,,,,,END
300100011327368,DNB,DATA-27368-3-PTYORG-2,,ORGANIZATION,,,SALES_PROSPECT,,DATA-27368-3-XYZ Company,,,,,,,,,END
300100011327368,DNB,DATA-27368-3-PTYPER-1,,PERSON,,,ORG_CONTACT,,,,DATA-27368-3-Mike,Philps,,,,,,END
300100011327368,DNB,DATA-27368-3-PTYPER-2,,PERSON,,,SALES_CONTACT,,,,DATA-27368-3-Jane,Doe,,,,,,END
300100011327368,DNB,DATA-27368-3-PTYORG-RD1,,ORGANIZATION,,,LEGAL_ENTITY,,CUTLER-HAMMER INC,,,,,,,,,END
300100011327368,DNB,DATA-27368-3-PTYPER-RD2,,PERSON,,,ORG_CONTACT,,,,Kate,White,,,,,,END
300100011327368,DNB,DATA-27368-3-PTYORG-BD1,,ORGANIZATION,,,LEGAL_ENTITY,,My Organization,,,,,,,,,END
300100011327368,DNB,DATA-27368-3-PTYORG-BD2,,ORGANIZATION,,,LEGAL_ENTITY,,My Organization,,,,,,,,,END
300100011327368,DNB,DATA-27368-3-PTYPER-DQ22,,PERSON,,,ORG_CONTACT,,,,Jim,Johnson,,,,,,END
300100011327368,DNB,DATA-27368-4-PTYORG-1,,ORGANIZATION,,,CUSTOMER,,DATA-27368-Imp Org4,,,,,,,,,END
300100011327368,DNB,DATA-27368-4-PTYORG-2,,ORGANIZATION,,,SALES_PROSPECT,,DATA-27368-4-XYZ Company,,,,,,,,,END
300100011327368,DNB,DATA-27368-4-PTYPER-1,,PERSON,,,ORG_CONTACT,,,,DATA-27368-4-Mike,Philps,,,,,,END
300100011327368,DNB,DATA-27368-4-PTYPER-2,,PERSON,,,SALES_CONTACT,,,,DATA-27368-4-Jane,Doe,,,,,,END
300100011327368,DNB,DATA-27368-4-PTYORG-RD1,,ORGANIZATION,,,LEGAL_ENTITY,,CUTLER-HAMMER INC,,,,,,,,,END
300100011327368,DNB,DATA-27368-4-PTYPER-RD2,,PERSON,,,ORG_CONTACT,,,,Kate,White,,,,,,END
300100011327368,DNB,DATA-27368-4-PTYORG-BD1,,ORGANIZATION,,,LEGAL_ENTITY,,My Organization,,,,,,,,,END
300100011327368,DNB,DATA-27368-4-PTYORG-BD2,,ORGANIZATION,,,LEGAL_ENTITY,,My Organization,,,,,,,,,END
300100011327368,DNB,DATA-27368-4-PTYPER-DQ22,,PERSON,,,ORG_CONTACT,,,,Jim,Johnson,,,,,,END
300100011327368,DNB,DATA-27368-5-PTYORG-1,,ORGANIZATION,,,CUSTOMER,,DATA-27368-Imp Org5,,,,,,,,,END
300100011327368,DNB,DATA-27368-5-PTYORG-2,,ORGANIZATION,,,SALES_PROSPECT,,DATA-27368-5-XYZ Company,,,,,,,,,END
300100011327368,DNB,DATA-27368-5-PTYPER-1,,PERSON,,,ORG_CONTACT,,,,DATA-27368-5-Mike,Philps,,,,,,END
300100011327368,DNB,DATA-27368-5-PTYPER-2,,PERSON,,,SALES_CONTACT,,,,DATA-27368-5-Jane,Doe,,,,,,END
300100011327368,DNB,DATA-27368-5-PTYORG-RD1,,ORGANIZATION,,,LEGAL_ENTITY,,CUTLER-HAMMER INC,,,,,,,,,END
300100011327368,DNB,DATA-27368-5-PTYPER-RD2,,PERSON,,,ORG_CONTACT,,,,Kate,White,,,,,,END
300100011327368,DNB,DATA-27368-5-PTYORG-BD1,,ORGANIZATION,,,LEGAL_ENTITY,,My Organization,,,,,,,,,END
300100011327368,DNB,DATA-27368-5-PTYORG-BD2,,ORGANIZATION,,,LEGAL_ENTITY,,My Organization,,,,,,,,,END
300100011327368,DNB,DATA-27368-5-PTYPER-DQ22,,PERSON,,,ORG_CONTACT,,,,Jim,Johnson,,,,,,END
300100011327368,DNB,DATA-27368-6-PTYORG-1,,ORGANIZATION,,,CUSTOMER,,DATA-27368-Imp Org6,,,,,,,,,END
300100011327368,DNB,DATA-27368-6-PTYORG-2,,ORGANIZATION,,,SALES_PROSPECT,,DATA-27368-6-XYZ Company,,,,,,,,,END
300100011327368,DNB,DATA-27368-6-PTYPER-1,,PERSON,,,ORG_CONTACT,,,,DATA-27368-6-Mike,Philps,,,,,,END
300100011327368,DNB,DATA-27368-6-PTYPER-2,,PERSON,,,SALES_CONTACT,,,,DATA-27368-6-Jane,Doe,,,,,,END
300100011327368,DNB,DATA-27368-6-PTYORG-RD1,,ORGANIZATION,,,LEGAL_ENTITY,,CUTLER-HAMMER INC,,,,,,,,,END
300100011327368,DNB,DATA-27368-6-PTYPER-RD2,,PERSON,,,ORG_CONTACT,,,,Kate,White,,,,,,END
300100011327368,DNB,DATA-27368-6-PTYORG-BD1,,ORGANIZATION,,,LEGAL_ENTITY,,My Organization,,,,,,,,,END
300100011327368,DNB,DATA-27368-6-PTYORG-BD2,,ORGANIZATION,,,LEGAL_ENTITY,,My Organization,,,,,,,,,END
300100011327368,DNB,DATA-27368-6-PTYPER-DQ22,,PERSON,,,ORG_CONTACT,,,,Jim,Johnson,,,,,,END
300100011327368,DNB,DATA-27368-7-PTYORG-1,,ORGANIZATION,,,CUSTOMER,,DATA-27368-Imp Org7,,,,,,,,,END
300100011327368,DNB,DATA-27368-7-PTYORG-2,,ORGANIZATION,,,SALES_PROSPECT,,DATA-27368-7-XYZ Company,,,,,,,,,END
300100011327368,DNB,DATA-27368-7-PTYPER-1,,PERSON,,,ORG_CONTACT,,,,DATA-27368-7-Mike,Philps,,,,,,END
300100011327368,DNB,DATA-27368-7-PTYPER-2,,PERSON,,,SALES_CONTACT,,,,DATA-27368-7-Jane,Doe,,,,,,END
300100011327368,DNB,DATA-27368-7-PTYORG-RD1,,ORGANIZATION,,,LEGAL_ENTITY,,CUTLER-HAMMER INC,,,,,,,,,END
300100011327368,DNB,DATA-27368-7-PTYPER-RD2,,PERSON,,,ORG_CONTACT,,,,Kate,White,,,,,,END
300100011327368,DNB,DATA-27368-7-PTYORG-BD1,,ORGANIZATION,,,LEGAL_ENTITY,,My Organization,,,,,,,,,END
300100011327368,DNB,DATA-27368-7-PTYORG-BD2,,ORGANIZATION,,,LEGAL_ENTITY,,My Organization,,,,,,,,,END
300100011327368,DNB,DATA-27368-7-PTYPER-DQ22,,PERSON,,,ORG_CONTACT,,,,Jim,Johnson,,,,,,END
300100011327368,DNB,DATA-27368-8-PTYORG-1,,ORGANIZATION,,,CUSTOMER,,DATA-27368-Imp Org8,,,,,,,,,END
300100011327368,DNB,DATA-27368-8-PTYORG-2,,ORGANIZATION,,,SALES_PROSPECT,,DATA-27368-8-XYZ Company,,,,,,,,,END
300100011327368,DNB,DATA-27368-8-PTYPER-1,,PERSON,,,ORG_CONTACT,,,,DATA-27368-8-Mike,Philps,,,,,,END
300100011327368,DNB,DATA-27368-8-PTYPER-2,,PERSON,,,SALES_CONTACT,,,,DATA-27368-8-Jane,Doe,,,,,,END
300100011327368,DNB,DATA-27368-8-PTYORG-RD1,,ORGANIZATION,,,LEGAL_ENTITY,,CUTLER-HAMMER INC,,,,,,,,,END
300100011327368,DNB,DATA-27368-8-PTYPER-RD2,,PERSON,,,ORG_CONTACT,,,,Kate,White,,,,,,END
300100011327368,DNB,DATA-27368-8-PTYORG-BD1,,ORGANIZATION,,,LEGAL_ENTITY,,My Organization,,,,,,,,,END
300100011327368,DNB,DATA-27368-8-PTYORG-BD2,,ORGANIZATION,,,LEGAL_ENTITY,,My Organization,,,,,,,,,END
300100011327368,DNB,DATA-27368-8-PTYPER-DQ22,,PERSON,,,ORG_CONTACT,,,,Jim,Johnson,,,,,,END
300100011327368,DNB,DATA-27368-9-PTYORG-1,,ORGANIZATION,,,CUSTOMER,,DATA-27368-Imp Org9,,,,,,,,,END
300100011327368,DNB,DATA-27368-9-PTYORG-2,,ORGANIZATION,,,SALES_PROSPECT,,DATA-27368-9-XYZ Company,,,,,,,,,END
300100011327368,DNB,DATA-27368-9-PTYPER-1,,PERSON,,,ORG_CONTACT,,,,DATA-27368-9-Mike,Philps,,,,,,END
300100011327368,DNB,DATA-27368-9-PTYPER-2,,PERSON,,,SALES_CONTACT,,,,DATA-27368-9-Jane,Doe,,,,,,END
300100011327368,DNB,DATA-27368-9-PTYORG-RD1,,ORGANIZATION,,,LEGAL_ENTITY,,CUTLER-HAMMER INC,,,,,,,,,END
300100011327368,DNB,DATA-27368-9-PTYPER-RD2,,PERSON,,,ORG_CONTACT,,,,Kate,White,,,,,,END
300100011327368,DNB,DATA-27368-9-PTYORG-BD1,,ORGANIZATION,,,LEGAL_ENTITY,,My Organization,,,,,,,,,END
300100011327368,DNB,DATA-27368-9-PTYORG-BD2,,ORGANIZATION,,,LEGAL_ENTITY,,My Organization,,,,,,,,,END
300100011327368,DNB,DATA-27368-9-PTYPER-DQ22,,PERSON,,,ORG_CONTACT,,,,Jim,Johnson,,,,,,END
300100011327368,DNB,DATA-27368-10-PTYORG-1,,ORGANIZATION,,,CUSTOMER,,DATA-27368-Imp Org10,,,,,,,,,END
300100011327368,DNB,DATA-27368-10-PTYORG-2,,ORGANIZATION,,,SALES_PROSPECT,,DATA-27368-10-XYZ Company,,,,,,,,,END
300100011327368,DNB,DATA-27368-10-PTYPER-1,,PERSON,,,ORG_CONTACT,,,,DATA-27368-10-Mike,Philps,,,,,,END
300100011327368,DNB,DATA-27368-10-PTYPER-2,,PERSON,,,SALES_CONTACT,,,,DATA-27368-10-Jane,Doe,,,,,,END
300100011327368,DNB,DATA-27368-10-PTYORG-RD1,,ORGANIZATION,,,LEGAL_ENTITY,,CUTLER-HAMMER INC,,,,,,,,,END
300100011327368,DNB,DATA-27368-10-PTYPER-RD2,,PERSON,,,ORG_CONTACT,,,,Kate,White,,,,,,END
300100011327368,DNB,DATA-27368-10-PTYORG-BD1,,ORGANIZATION,,,LEGAL_ENTITY,,My Organization,,,,,,,,,END
300100011327368,DNB,DATA-27368-10-PTYORG-BD2,,ORGANIZATION,,,LEGAL_ENTITY,,My Organization,,,,,,,,,END
300100011327368,DNB,DATA-27368-10-PTYPER-DQ22,,PERSON,,,ORG_CONTACT,,,,Jim,Johnson,,,,,,END
