300100011327368,DNB,DATA-27368-1-PTYORG-1,DNB,DATA-27368-1-PS-1,DNB,DATA-27368-1-LOC-1,,DATA-27368-1-PS1,,,,MS 6OP,Y,,,,,,,,,,,,,,,,,,,,,,,,,,,,,,,,,DNB,DATA-27368-1-REL-1,END
300100011327368,DNB,DATA-27368-10-PTYORG-1,DNB,DATA-27368-10-PS-1,DNB,DATA-27368-10-LOC-1,,DATA-27368-10-PS1,,,,MS 6OP,Y,,,,,,,,,,,,,,,,,,,,,,,,,,,,,,,,,DNB,DATA-27368-2-REL-1,END
300100011327368,DNB,DATA-27368-2-PTYORG-1,DNB,DATA-27368-2-PS-1,DNB,DATA-27368-2-LOC-1,,DATA-27368-2-PS1,,,,MS 6OP,Y,,,,,,,,,,,,,,,,,,,,,,,,,,,,,,,,,DNB,DATA-27368-3-REL-1,END
300100011327368,DNB,DATA-27368-3-PTYORG-1,DNB,DATA-27368-3-PS-1,DNB,DATA-27368-3-LOC-1,,DATA-27368-3-PS1,,,,MS 6OP,Y,,,,,,,,,,,,,,,,,,,,,,,,,,,,,,,,,DNB,DATA-27368-4-REL-1,END
300100011327368,DNB,DATA-27368-4-PTYORG-1,DNB,DATA-27368-4-PS-1,DNB,DATA-27368-4-LOC-1,,DATA-27368-4-PS1,,,,MS 6OP,Y,,,,,,,,,,,,,,,,,,,,,,,,,,,,,,,,,DNB,DATA-27368-5-REL-1,END
300100011327368,DNB,DATA-27368-5-PTYORG-1,DNB,DATA-27368-5-PS-1,DNB,DATA-27368-5-LOC-1,,DATA-27368-5-PS1,,,,MS 6OP,Y,,,,,,,,,,,,,,,,,,,,,,,,,,,,,,,,,DNB,DATA-27368-6-REL-1,END
300100011327368,DNB,DATA-27368-6-PTYORG-1,DNB,DATA-27368-6-PS-1,DNB,DATA-27368-6-LOC-1,,DATA-27368-6-PS1,,,,MS 6OP,Y,,,,,,,,,,,,,,,,,,,,,,,,,,,,,,,,,DNB,DATA-27368-7-REL-1,END
300100011327368,DNB,DATA-27368-7-PTYORG-1,DNB,DATA-27368-7-PS-1,DNB,DATA-27368-7-LOC-1,,DATA-27368-7-PS1,,,,MS 6OP,Y,,,,,,,,,,,,,,,,,,,,,,,,,,,,,,,,,DNB,DATA-27368-8-REL-1,END
300100011327368,DNB,DATA-27368-8-PTYORG-1,DNB,DATA-27368-8-PS-1,DNB,DATA-27368-8-LOC-1,,DATA-27368-8-PS1,,,,MS 6OP,Y,,,,,,,,,,,,,,,,,,,,,,,,,,,,,,,,,DNB,DATA-27368-9-REL-1,END
300100011327368,DNB,DATA-27368-9-PTYORG-1,DNB,DATA-27368-9-PS-1,DNB,DATA-27368-9-LOC-1,,DATA-27368-9-PS1,,,,MS 6OP,Y,,,,,,,,,,,,,,,,,,,,,,,,,,,,,,,,,DNB,DATA-27368-10-REL-1,END
