DNB,DATA-27368-1-ACCT-1,,,300100011327368,DATA-27368-1-Bank_Name-1,Y,2012/06/01,,,,,,,,,,,,,,,,,,DATA-27368-1-Bank_Num-1,USD,,,Citi Bank,Foster City Branch,,,,,,,,,,,,,,,,,,,,,,,,,,,,,,,,,,,,,,,,,,,,,,,,,,,,,,,,,,,,,,,,,,,,,,,204,US,CCD,NURG,SUPP,OUR,EMAIL,first.last@example.com,,1234KW12378,US,N,Y,A1,SAVINGS,BIQA,DA,6789,END
DNB,DATA-27368-1-ACCT-1,DNB,DATA-27368-1-AS-1,300100011327368,DATA-27368-1-Bank_Name-1,Y,2012/06/01,,,,,,,,,,,,,,,,,,DATA-27368-1-Bank_Num-1,USD,,,Citi Bank,Foster City Branch,,,,,,,,,,,,,,,,,,,,,,,,,,,,,,,,,,,,,,,,,,,,,,,,,,,,,,,,,,,,,,,,,,,,,,,204,US,CCD,NURG,SUPP,OUR,EMAIL,first.last@example.com,,ABNANL2AMEL,US,N,Y,A2,CURRENT,BIQA,DA,6789,END
DNB,DATA-27368-2-ACCT-1,,,300100011327368,DATA-27368-2-Bank_Name-1,Y,2012/06/01,,,,,,,,,,,,,,,,,,DATA-27368-2-Bank_Num-1,USD,,,Citi Bank,Foster City Branch,,,,,,,,,,,,,,,,,,,,,,,,,,,,,,,,,,,,,,,,,,,,,,,,,,,,,,,,,,,,,,,,,,,,,,,204,US,CCD,NURG,SUPP,OUR,EMAIL,first.last@example.com,,ABNANL2AMEL,US,N,Y,A3,SAVINGS,BIQA,DA,6789,END
DNB,DATA-27368-2-ACCT-1,DNB,DATA-27368-2-AS-1,300100011327368,DATA-27368-2-Bank_Name-1,Y,2012/06/01,,,,,,,,,,,,,,,,,,DATA-27368-2-Bank_Num-1,USD,,,Citi Bank,Foster City Branch,,,,,,,,,,,,,,,,,,,,,,,,,,,,,,,,,,,,,,,,,,,,,,,,,,,,,,,,,,,,,,,,,,,,,,,204,US,CCD,NURG,SUPP,OUR,EMAIL,first.last@example.com,,ABNANL2AMEL,US,N,Y,A4,CURRENT,BIQA,DA,6789,END
DNB,DATA-27368-3-ACCT-1,,,300100011327368,DATA-27368-3-Bank_Name-1,Y,2012/06/01,,,,,,,,,,,,,,,,,,DATA-27368-3-Bank_Num-1,USD,,,Citi Bank,Foster City Branch,,,,,,,,,,,,,,,,,,,,,,,,,,,,,,,,,,,,,,,,,,,,,,,,,,,,,,,,,,,,,,,,,,,,,,,204,US,CCD,NURG,SUPP,OUR,EMAIL,first.last@example.com,,ABNANL2AMEL,US,N,Y,A5,SAVINGS,BIQA,DA,6789,END
DNB,DATA-27368-3-ACCT-1,DNB,DATA-27368-3-AS-1,300100011327368,DATA-27368-3-Bank_Name-1,Y,2012/06/01,,,,,,,,,,,,,,,,,,DATA-27368-3-Bank_Num-1,USD,,,Citi Bank,Foster City Branch,,,,,,,,,,,,,,,,,,,,,,,,,,,,,,,,,,,,,,,,,,,,,,,,,,,,,,,,,,,,,,,,,,,,,,,204,US,CCD,NURG,SUPP,OUR,EMAIL,first.last@example.com,,ABNANL2AMEL,US,N,Y,A6,SAVINGS,BIQA,DA,6789,END
DNB,DATA-27368-4-ACCT-1,,,300100011327368,DATA-27368-4-Bank_Name-1,Y,2012/06/01,,,,,,,,,,,,,,,,,,DATA-27368-4-Bank_Num-1,USD,,,Citi Bank,Foster City Branch,,,,,,,,,,,,,,,,,,,,,,,,,,,,,,,,,,,,,,,,,,,,,,,,,,,,,,,,,,,,,,,,,,,,,,,204,US,CCD,NURG,SUPP,OUR,EMAIL,first.last@example.com,,ABNANL2AMEL,US,N,Y,A7,SAVINGS,BIQA,DA,6789,END
DNB,DATA-27368-4-ACCT-1,DNB,DATA-27368-4-AS-1,300100011327368,DATA-27368-4-Bank_Name-1,Y,2012/06/01,,,,,,,,,,,,,,,,,,DATA-27368-4-Bank_Num-1,USD,,,Citi Bank,Foster City Branch,,,,,,,,,,,,,,,,,,,,,,,,,,,,,,,,,,,,,,,,,,,,,,,,,,,,,,,,,,,,,,,,,,,,,,,204,US,CCD,NURG,SUPP,OUR,EMAIL,first.last@example.com,,ABNANL2AMEL,US,N,Y,A8,SAVINGS,BIQA,DA,6789,END
DNB,DATA-27368-5-ACCT-1,,,300100011327368,DATA-27368-5-Bank_Name-1,Y,2012/06/01,,,,,,,,,,,,,,,,,,DATA-27368-5-Bank_Num-1,USD,,,Citi Bank,Foster City Branch,,,,,,,,,,,,,,,,,,,,,,,,,,,,,,,,,,,,,,,,,,,,,,,,,,,,,,,,,,,,,,,,,,,,,,,204,US,CCD,NURG,SUPP,OUR,EMAIL,first.last@example.com,,ABNANL2AMEL,US,N,Y,A9,SAVINGS,BIQA,DA,6789,END
DNB,DATA-27368-5-ACCT-1,DNB,DATA-27368-5-AS-1,300100011327368,DATA-27368-5-Bank_Name-1,Y,2012/06/01,,,,,,,,,,,,,,,,,,DATA-27368-5-Bank_Num-1,USD,,,Citi Bank,Foster City Branch,,,,,,,,,,,,,,,,,,,,,,,,,,,,,,,,,,,,,,,,,,,,,,,,,,,,,,,,,,,,,,,,,,,,,,,204,US,CCD,NURG,SUPP,OUR,EMAIL,first.last@example.com,,ABNANL2AMEL,US,N,Y,A10,SAVINGS,BIQA,DA,6789,END
DNB,DATA-27368-6-ACCT-1,,,300100011327368,DATA-27368-6-Bank_Name-1,Y,2012/06/01,,,,,,,,,,,,,,,,,,DATA-27368-6-Bank_Num-1,USD,,,Citi Bank,Foster City Branch,,,,,,,,,,,,,,,,,,,,,,,,,,,,,,,,,,,,,,,,,,,,,,,,,,,,,,,,,,,,,,,,,,,,,,,204,US,CCD,NURG,SUPP,OUR,EMAIL,first.last@example.com,,ABNANL2AMEL,US,N,Y,A11,SAVINGS,BIQA,DA,6789,END
DNB,DATA-27368-6-ACCT-1,DNB,DATA-27368-6-AS-1,300100011327368,DATA-27368-6-Bank_Name-1,Y,2012/06/01,,,,,,,,,,,,,,,,,,DATA-27368-6-Bank_Num-1,USD,,,Citi Bank,Foster City Branch,,,,,,,,,,,,,,,,,,,,,,,,,,,,,,,,,,,,,,,,,,,,,,,,,,,,,,,,,,,,,,,,,,,,,,,204,US,CCD,NURG,SUPP,OUR,EMAIL,first.last@example.com,,ABNANL2AMEL,US,N,Y,A12,SAVINGS,BIQA,DA,6789,END
DNB,DATA-27368-7-ACCT-1,,,300100011327368,DATA-27368-7-Bank_Name-1,Y,2012/06/01,,,,,,,,,,,,,,,,,,DATA-27368-7-Bank_Num-1,USD,,,Citi Bank,Foster City Branch,,,,,,,,,,,,,,,,,,,,,,,,,,,,,,,,,,,,,,,,,,,,,,,,,,,,,,,,,,,,,,,,,,,,,,,204,US,CCD,NURG,SUPP,OUR,EMAIL,first.last@example.com,,1234KW12378,US,N,Y,A13,SAVINGS,BIQA,DA,6789,END
DNB,DATA-27368-7-ACCT-1,DNB,DATA-27368-7-AS-1,300100011327368,DATA-27368-7-Bank_Name-1,Y,2012/06/01,,,,,,,,,,,,,,,,,,DATA-27368-7-Bank_Num-1,USD,,,Citi Bank,Foster City Branch,,,,,,,,,,,,,,,,,,,,,,,,,,,,,,,,,,,,,,,,,,,,,,,,,,,,,,,,,,,,,,,,,,,,,,,204,US,CCD,NURG,SUPP,OUR,EMAIL,first.last@example.com,,1234KW12379,US,N,Y,A14,SAVINGS,BIQA,DA,6789,END
DNB,DATA-27368-8-ACCT-1,,,300100011327368,DATA-27368-8-Bank_Name-1,Y,2012/06/01,,,,,,,,,,,,,,,,,,DATA-27368-8-Bank_Num-1,USD,,,Citi Bank,Foster City Branch,,,,,,,,,,,,,,,,,,,,,,,,,,,,,,,,,,,,,,,,,,,,,,,,,,,,,,,,,,,,,,,,,,,,,,,204,US,CCD,NURG,SUPP,OUR,EMAIL,first.last@example.com,,1234KW12380,US,N,Y,A15,SAVINGS,BIQA,DA,6789,END
DNB,DATA-27368-8-ACCT-1,DNB,DATA-27368-8-AS-1,300100011327368,DATA-27368-8-Bank_Name-1,Y,2012/06/01,,,,,,,,,,,,,,,,,,DATA-27368-8-Bank_Num-1,USD,,,Citi Bank,Foster City Branch,,,,,,,,,,,,,,,,,,,,,,,,,,,,,,,,,,,,,,,,,,,,,,,,,,,,,,,,,,,,,,,,,,,,,,,204,US,CCD,NURG,SUPP,OUR,EMAIL,first.last@example.com,,1234KW12381,US,N,Y,A16,SAVINGS,BIQA,DA,6789,END
DNB,DATA-27368-9-ACCT-1,,,300100011327368,DATA-27368-9-Bank_Name-1,Y,2012/06/01,,,,,,,,,,,,,,,,,,DATA-27368-9-Bank_Num-1,USD,,,Citi Bank,Foster City Branch,,,,,,,,,,,,,,,,,,,,,,,,,,,,,,,,,,,,,,,,,,,,,,,,,,,,,,,,,,,,,,,,,,,,,,,204,US,CCD,NURG,SUPP,OUR,FAX,,523698742,1234KW12382,US,N,Y,A17,SAVINGS,BIQA,DA,6789,END
DNB,DATA-27368-9-ACCT-1,DNB,DATA-27368-9-AS-1,300100011327368,DATA-27368-9-Bank_Name-1,Y,2012/06/01,,,,,,,,,,,,,,,,,,DATA-27368-9-Bank_Num-1,USD,,,Citi Bank,Foster City Branch,,,,,,,,,,,,,,,,,,,,,,,,,,,,,,,,,,,,,,,,,,,,,,,,,,,,,,,,,,,,,,,,,,,,,,,204,US,CCD,NURG,SUPP,OUR,FAX,,523698742,1234KW12383,US,N,Y,A18,SAVINGS,BIQA,DA,6789,END
DNB,DATA-27368-10-ACCT-1,,,300100011327368,DATA-27368-10-Bank_Name-1,Y,2012/06/01,,,,,,,,,,,,,,,,,,DATA-27368-10-Bank_Num-1,USD,,,Citi Bank,Foster City Branch,,,,,,,,,,,,,,,,,,,,,,,,,,,,,,,,,,,,,,,,,,,,,,,,,,,,,,,,,,,,,,,,,,,,,,,204,US,CCD,NURG,SUPP,OUR,FAX,,523698742,1234KW12384,US,N,Y,A19,SAVINGS,BIQA,DA,6789,END
DNB,DATA-27368-10-ACCT-1,DNB,DATA-27368-10-AS-1,300100011327368,DATA-27368-10-Bank_Name-1,Y,2012/06/01,,,,,,,,,,,,,,,,,,DATA-27368-10-Bank_Num-1,USD,,,Citi Bank,Foster City Branch,,,,,,,,,,,,,,,,,,,,,,,,,,,,,,,,,,,,,,,,,,,,,,,,,,,,,,,,,,,,,,,,,,,,,,,204,US,CCD,NURG,SUPP,OUR,FAX,,523698742,1234KW12385,US,N,Y,A20,SAVINGS,BIQA,DA,6789,END
