{
    "fields": [
        {
            "type": "number",
            "name": "id",
            "key": true,
            "oid": "faf79325-b7ef-4443-bc1c-cd189b730696",
            "required": true,
            "unique": true,
            "displayLabel": "Id"
        },
        {
            "type": "datetime",
            "name": "creationDate",
            "oid": "43b5052f-1f48-44a9-9b22-0188d3ff6bcb",
            "displayLabel": "Created",
            "historyType": "timeCreated"
        },
        {
            "type": "datetime",
            "name": "lastUpdateDate",
            "oid": "758977f8-fd2a-4e4c-9523-685f5cfe103d",
            "displayLabel": "Last Updated",
            "historyType": "timeUpdated"
        },
        {
            "type": "string",
            "name": "createdBy",
            "oid": "ac7904b4-7af2-47b4-8c61-2d8615a3b5b8",
            "displayLabel": "Created By",
            "historyType": "createdBy"
        },
        {
            "type": "string",
            "name": "lastUpdatedBy",
            "oid": "70f4c706-c1a1-435f-8556-955a5f55f1b5",
            "displayLabel": "Last Updated By",
            "historyType": "updatedBy"
        },
{
            "type": "number",
            "name": "abcsChangeNumber",
            "oid": "26afe27c-dfc4-44a6-8fab-d15d8007423b",
            "displayLabel": "Version Number",
            "historyType": "versionNumber"
        },
        {
            "type": "string",
            "name": "country",
            "oid": "2ec4404f-43cf-4f68-a4d1-f295a0106fad",
            "displayLabel": "Country"
        }        ,
        {
            "type": "string",
            "name": "addressLine1",
            "oid": "a9713490-6d18-4ba9-bf04-aeb9718e0e29",
            "displayLabel": "AddressLine1"
        }        ,
        {
            "type": "string",
            "name": "city",
            "oid": "e1b91623-b3c5-4823-a41c-947295aa781b",
            "displayLabel": "City"
        }        ,
        {
            "type": "string",
            "name": "county",
            "oid": "0b3b559e-0839-444d-a7a1-2c6017f82426",
            "displayLabel": "County"
        }        ,
        {
            "type": "string",
            "name": "orderingPurposeFlag",
            "oid": "37f85ff7-2a93-49a2-bcf8-800b4f465e81",
            "displayLabel": "OrderingPurposeFlag"
        }        ,
        {
            "type": "string",
            "name": "province",
            "oid": "241fc342-2f16-4d29-a18f-ccfa01695a53",
            "displayLabel": "Province"
        }        ,
        {
            "type": "number",
            "name": "suppliers",
            "oid": "a5c7b10d-1ab9-4bf2-b3ab-b1068fe2ecb3",
            "displayLabel": "Suppliers"
        }
    ],
    "name": "Addreses",
    "oid": "68982539-52b6-4652-93a0-2762138780ba",
    "displayLabel": "SupplierAddres",
    "pluralLabel": "SupplierAddreses",
    "relationships": [
        {
            "name": "suppliersObject",
            "reverseRelationship": "supplierAddresesCollection",
            "targetEntity": "Suppliers",
            "type": "outgoing",
            "exposeAccessor": true,
            "mappingField": "suppliers",
            "deleteRule": "cascade"
        }
    ]
}