{
  "userroles":[
    {
      "name": "Approvers_Group1",
      "description": "",
      "id": "Approvers_Group1",
      "defaultMapping": {}
    }    ,
    {
      "name": "Approvers_Group2",
      "description": "",
      "id": "Approvers_Group2",
      "defaultMapping": {}
    }    ,
    {
      "name": "CreateSupplier",
      "description": "",
      "id": "CreateSupplier",
      "defaultMapping": {}
    }    ,
    {
      "name": "EnterDraftData",
      "description": "",
      "id": "EnterDraftData",
      "defaultMapping": {}
    },
    {
      "name": "QueryData",
      "description": "",
      "id": "QueryData",
      "defaultMapping": {}
    }
  ]
}
