{
    "fields": [
        {
            "type": "number",
            "name": "id",
            "key": true,
            "oid": "6c77e73b-a0d6-4bcc-9f8a-d4a7a493d0b9",
            "required": true,
            "unique": true,
            "displayLabel": "Id"
        },
        {
            "type": "datetime",
            "name": "creationDate",
            "oid": "93e4e157-dafa-4383-8497-1f565eefc77a",
            "displayLabel": "Created",
            "historyType": "timeCreated"
        },
        {
            "type": "datetime",
            "name": "lastUpdateDate",
            "oid": "f6128857-3f7b-428d-a799-2049dc4d3c2a",
            "displayLabel": "Last Updated",
            "historyType": "timeUpdated"
        },
        {
            "type": "string",
            "name": "createdBy",
            "oid": "6de30fd4-e681-490d-98a8-c8f54b0cb1de",
            "displayLabel": "Created By",
            "historyType": "createdBy"
        },
        {
            "type": "string",
            "name": "lastUpdatedBy",
            "oid": "6ac8201e-7b47-437e-abdb-c7d685f59d6a",
            "displayLabel": "Last Updated By",
            "historyType": "updatedBy"
        },
{
            "type": "number",
            "name": "abcsChangeNumber",
            "oid": "61a0928c-d42f-410c-b5c8-f8bbd933385b",
            "displayLabel": "Version Number",
            "historyType": "versionNumber"
        },
        {
            "type": "string",
            "name": "name",
            "oid": "44d8636b-cfde-4c43-b3e7-2191c3fb4733",
            "displayLabel": "Name"
        }        ,
        {
            "type": "string",
            "defaultValue": {
                "server": {
                    "type": "static",
                    "value": "Supplier"
                }
            },
            "name": "supplierType",
            "oid": "6130a4c9-4265-45c7-a1cd-addf88e71adc",
            "displayLabel": "SupplierType"
        }        ,
        {
            "type": "string",
            "defaultValue": {
                "server": {
                    "type": "static",
                    "value": "Corporation"
                }
            },
            "name": "taxOrganizationType",
            "oid": "2d195baa-b4de-431a-8f66-7dd835959558",
            "displayLabel": "TaxOrganizationType"
        }        ,
{
            "type": "string",
            "defaultValue": {
                "server": {
                    "type": "static",
                    "value": "Prospective"
                }
            },
            "name": "businessRelationship",
            "oid": "a1a950d9-035f-417e-a46a-5ff506bfc608",
            "displayLabel": "BusinessRelationship"
        },
        {
            "type": "string",
            "defaultValue": {
                "server": {
                    "type": "static",
                    "value": "Draft"
                }
            },
            "name": "status",
            "oid": "c358d288-7b61-43fb-9c5e-477de3054c77",
            "displayLabel": "Status"
        }
    ],
    "name": "Suppliers",
    "oid": "cf518f24-d38e-4e77-b837-10af7447c862",
    "displayLabel": "Supplier",
    "pluralLabel": "Suppliers",
    "relationships": [
        {
            "name": "supplierAddresesCollection",
            "reverseRelationship": "suppliersObject",
            "targetEntity": "Addreses",
            "type": "incoming",
            "displayField": "name"
        },
        {
            "name": "supplierSiteCollection",
            "reverseRelationship": "supplierObject",
            "targetEntity": "SupplierSites",
            "type": "incoming",
            "displayField": "name"
        }
    ],
    "triggers": [
        {
            "definition": "// Trigger Beginning \nprintln 'Trigger started: on-insert, business object: Suppliers, event: BeforeInsert';\n\ntry {\n\n  // Always Execute Criterion (Always Execute)\n  alwaysExecuteCriterion_1: {\n    // Action Group (Action Group)\n  }\n\n} finally {\n\n  // Trigger End \n  println 'Trigger ended: on-insert';\n\n}",
            "displayName": "on-insert",
            "name": "BeforeInsert_Rule_0",
            "refId": "0959c9be-96d1-4465-b034-0483e9b22693",
            "type": "BeforeInsert"
        }
    ],
    "security": {
        "type": "local",
        "acl": [
            {
                "roleId": "Approvers_Group1",
                "privileges": [
                    {
                        "name": "view",
                        "value": true
                    },
                    {
                        "name": "create",
                        "value": true
                    },
                    {
                        "name": "update",
                        "value": true
                    },
                    {
                        "name": "delete",
                        "value": true
                    }
                ]
            },
            {
                "roleId": "Approvers_Group2",
                "privileges": [
                    {
                        "name": "view",
                        "value": true
                    },
                    {
                        "name": "create",
                        "value": true
                    },
                    {
                        "name": "update",
                        "value": true
                    },
                    {
                        "name": "delete",
                        "value": true
                    }
                ]
            },
            {
                "roleId": "CreateSupplier",
                "privileges": [
                    {
                        "name": "view",
                        "value": true
                    },
                    {
                        "name": "create",
                        "value": true
                    },
                    {
                        "name": "update",
                        "value": true
                    },
                    {
                        "name": "delete",
                        "value": true
                    }
                ]
            },
            {
                "roleId": "EnterDraftData",
                "privileges": [
                    {
                        "name": "view",
                        "value": true
                    },
                    {
                        "name": "create",
                        "value": true
                    },
                    {
                        "name": "update",
                        "value": true
                    },
                    {
                        "name": "delete",
                        "value": true
                    }
                ]
            },
            {
                "roleId": "QueryData",
                "privileges": [
                    {
                        "name": "view",
                        "value": true
                    },
                    {
                        "name": "create",
                        "value": true
                    },
                    {
                        "name": "update",
                        "value": true
                    },
                    {
                        "name": "delete",
                        "value": true
                    }
                ]
            },
            {
                "roleId": "approle.anonymous.user",
                "privileges": [
                    {
                        "name": "view",
                        "value": true
                    },
                    {
                        "name": "create",
                        "value": true
                    },
                    {
                        "name": "update",
                        "value": true
                    },
                    {
                        "name": "delete",
                        "value": true
                    }
                ]
            },
            {
                "roleId": "approle.authenticated.user",
                "privileges": [
                    {
                        "name": "view",
                        "value": true
                    },
                    {
                        "name": "create",
                        "value": true
                    },
                    {
                        "name": "update",
                        "value": true
                    },
                    {
                        "name": "delete",
                        "value": true
                    }
                ]
            }
        ]
    }
}