{
  "root": "callRestGetSuppliers",
  "description": "",
  "actions": {
    "fireNotification": {
      "module": "vb/action/builtin/fireNotificationEventAction",
      "parameters": {
        "target": "leaf",
        "summary": "[[ $chain.results.callRestGetSuppliers.message.summary ]]",
        "type": "warning",
        "displayMode": "transient",
        "message": "no"
      }
    },
    "callRestGetSuppliers": {
      "module": "vb/action/builtin/restAction",
      "parameters": {
        "endpoint": "businessObjects/get_Suppliers",
        "uriParams": {
          "Suppliers_Id": "{{ $page.variables.xSelectedSupplierId }}"
        }
      },
      "outcomes": {
        "failure": "fireNotification",
        "success": "assignVariablesCreateSupp"
      }
    },
    "assignVariablesCreateSupp": {
      "module": "vb/action/builtin/assignVariablesAction",
      "parameters": {
        "$page.variables.create_supp": {
          "source": {
            "Supplier": "{{ $chain.results.callRestGetSuppliers.body.name }}",
            "SupplierType": "{{ $chain.results.callRestGetSuppliers.body.supplierType }}",
            "TaxOrganizationType": "{{ $chain.results.callRestGetSuppliers.body.taxOrganizationType }}",
            "BusinessRelationship": "Prospective"
          },
          "reset": "none",
          "auto": "always"
        }
      }
    }
  }
}