{
  "description": "",
  "root": "callChainAssignSupplier",
  "actions": {

    "fireNotification": {
      "module": "vb/action/builtin/fireNotificationEventAction",
      "parameters": {
        "target": "leaf",
        "summary": "[[ $chain.results.callRestCreateSuppliers.message.summary ]]",
        "type": "error",
        "displayMode": "transient",
        "message": "no 2"
      }
    },
    "fireNotification3": {
      "module": "vb/action/builtin/fireNotificationEventAction",
      "parameters": {
        "target": "leaf",
        "summary": "Selected",
        "message": "OKKK",
        "displayMode": "transient",
        "type": "info"
      }
    },
    "callRestCreateSuppliers": {
      "module": "vb/action/builtin/restAction",
      "parameters": {
        "endpoint": "fscmRestApiLatestSuppliers/create_suppliers",
        "body": "{{ $page.variables.create_supp }}"
      },
      "outcomes": {
        "failure": "fireNotification",
        "success": "fireNotification3"
      }
    },
    "callChainAssignSupplier": {
      "module": "vb/action/builtin/callChainAction",
      "parameters": {
        "id": "AssignSupplier"
      },
      "outcomes": {
        "success": "callRestCreateSuppliers"
      }
    }
  },
  "variables": {}
}