{
  "root": "deleteSuppliers",
  "variables": {
    "suppliersId": {
      "type": "string",
      "input": "fromCaller",
      "required": true
    }
  },
  "actions": {
    "deleteSuppliers": {
      "module": "vb/action/builtin/restAction",
      "parameters": {
        "endpoint": "businessObjects/delete_Suppliers",
        "uriParams": {
          "Suppliers_Id": "[[ $variables.suppliersId ]]"
        }
      },
      "outcomes": {
        "success": "resetSelection",
        "failure": "fireErrorNotification"
      }
    },
    "resetSelection": {
      "module": "vb/action/builtin/resetVariablesAction",
      "parameters": {
        "variables": [
          "[[ '$page.variables.table1SelectedId' ]]"
        ]
      },
      "outcomes": {
        "success": "refreshDataProvider"
      },
      "description": "Resets selection variable",
      "label": "Reset selection"
    },
    "refreshDataProvider": {
      "module": "vb/action/builtin/fireDataProviderEventAction",
      "outcomes": {
        "success": "fireSuccessNotification"
      },
      "parameters": {
        "refresh": null,
        "target": "[[ $page.variables.suppliersListSDP ]]"
      }
    },
    "fireSuccessNotification": {
      "module": "vb/action/builtin/fireNotificationEventAction",
      "parameters": {
        "summary": "Suppliers deleted",
        "message": "[[ 'Suppliers [' + $variables.suppliersId + '] successfully deleted' ]]",
        "type": "confirmation",
        "displayMode": "transient"
      }
    },
    "fireErrorNotification": {
      "module": "vb/action/builtin/fireNotificationEventAction",
      "parameters": {
        "summary": "Delete failed",
        "message": "[[ 'Could not delete data: status ' + $chain.results.deleteSuppliers.status ]]",
        "type": "error",
        "displayMode": "persist"
      }
    }
  }
}