{
  "root": "deleteSupplierSites",
  "variables": {
    "supplierSitesId": {
      "type": "string",
      "input": "fromCaller",
      "required": true
    }
  },
  "actions": {
    "deleteSupplierSites": {
      "module": "vb/action/builtin/restAction",
      "parameters": {
        "endpoint": "businessObjects/delete_SupplierSites",
        "uriParams": {
          "SupplierSites_Id": "[[ $variables.supplierSitesId ]]"
        }
      },
      "outcomes": {
        "success": "resetSelection",
        "failure": "fireErrorNotification"
      }
    },
    "resetSelection": {
      "module": "vb/action/builtin/resetVariablesAction",
      "parameters": {
        "variables": [
          "[[ '$page.variables.table2SelectedId' ]]"
        ]
      },
      "outcomes": {
        "success": "refreshDataProvider"
      },
      "description": "Resets selection variable",
      "label": "Reset selection"
    },
    "refreshDataProvider": {
      "module": "vb/action/builtin/fireDataProviderEventAction",
      "outcomes": {
        "success": "fireSuccessNotification"
      },
      "parameters": {
        "refresh": null,
        "target": "[[ $page.variables.supplierSitesListSDP ]]"
      }
    },
    "fireSuccessNotification": {
      "module": "vb/action/builtin/fireNotificationEventAction",
      "parameters": {
        "summary": "SupplierSites deleted",
        "message": "[[ 'SupplierSites [' + $variables.supplierSitesId + '] successfully deleted' ]]",
        "type": "confirmation",
        "displayMode": "transient"
      }
    },
    "fireErrorNotification": {
      "module": "vb/action/builtin/fireNotificationEventAction",
      "parameters": {
        "summary": "Delete failed",
        "message": "[[ 'Could not delete data: status ' + $chain.results.deleteSupplierSites.status ]]",
        "type": "error",
        "displayMode": "persist"
      }
    }
  }
}