{
  "root": "deleteAddreses",
  "variables": {
    "addresesId": {
      "type": "string",
      "input": "fromCaller",
      "required": true
    }
  },
  "actions": {
    "deleteAddreses": {
      "module": "vb/action/builtin/restAction",
      "parameters": {
        "endpoint": "businessObjects/delete_Addreses",
        "uriParams": {
          "Addreses_Id": "[[ $variables.addresesId ]]"
        }
      },
      "outcomes": {
        "success": "resetSelection",
        "failure": "fireErrorNotification"
      }
    },
    "resetSelection": {
      "module": "vb/action/builtin/resetVariablesAction",
      "parameters": {
        "variables": [
          "[[ '$page.variables.table3SelectedId' ]]"
        ]
      },
      "outcomes": {
        "success": "refreshDataProvider"
      },
      "description": "Resets selection variable",
      "label": "Reset selection"
    },
    "refreshDataProvider": {
      "module": "vb/action/builtin/fireDataProviderEventAction",
      "outcomes": {
        "success": "fireSuccessNotification"
      },
      "parameters": {
        "refresh": null,
        "target": "[[ $page.variables.addresesListSDP ]]"
      }
    },
    "fireSuccessNotification": {
      "module": "vb/action/builtin/fireNotificationEventAction",
      "parameters": {
        "summary": "Addreses deleted",
        "message": "[[ 'Addreses [' + $variables.addresesId + '] successfully deleted' ]]",
        "type": "confirmation",
        "displayMode": "transient"
      }
    },
    "fireErrorNotification": {
      "module": "vb/action/builtin/fireNotificationEventAction",
      "parameters": {
        "summary": "Delete failed",
        "message": "[[ 'Could not delete data: status ' + $chain.results.deleteAddreses.status ]]",
        "type": "error",
        "displayMode": "persist"
      }
    }
  }
}