{
  "root": "if",
  "description": "",
  "variables": {},
  "actions": {
    "fireDataProviderEventNavigationADP2": {
      "module": "vb/action/builtin/fireDataProviderEventAction",
      "parameters": {
        "target": "[[ $application.variables.navigationADP ]]",
        "refresh": null
      }
    },
    "if": {
      "module": "vb/action/builtin/ifAction",
      "parameters": {
        "condition": "[[ $application.user.roles.QueryData ]]"
      },
      "outcomes": {
        "true": "assignVariablesNavigationData2",
        "false": "assignVariablesNavigationData2"
      }
    },
    "assignVariablesNavigationData2": {
      "module": "vb/action/builtin/assignVariablesAction",
      "parameters": {
        "$application.variables.navigationData": {
          "reset": "empty",
          "source": [
            {
              "name": "Draft",
              "id": "draft",
              "iconClass": "oj-ux-ico-list"
            },
            {
              "name": "In process",
              "id": "in-process",
              "iconClass": "oj-ux-ico-list"
            }
          ]
        }
      },
      "outcomes": {
        "success": "assignVariablesNavigationData"
      }
    },
    "assignVariablesNavigationData": {
      "module": "vb/action/builtin/assignVariablesAction",
      "parameters": {
        "$application.variables.navigationData": {
          "source": [
            {
              "name": "Query",
              "id": "query",
              "iconClass": "oj-ux-ico-list"
            }
          ],
          "reset": "none"
        }
      },
      "outcomes": {
        "success": "fireDataProviderEventNavigationADP2"
      }
    }
  }
}