{
  "root": "markCreateStarted",
  "variables": {
    "saveFailureResult": {
      "type": "page:businessObjectsServiceErrorResponseType"
    },
    "errorMessage": {
      "type": "string"
    }
  },
  "actions": {
    "markCreateStarted": {
      "module": "vb/action/builtin/assignVariablesAction",
      "parameters": {
        "$page.variables.createAddresesChainInProgress": {
          "source": true
        }
      },
      "outcomes": {
        "success": "validateAddreses"
      },
      "description": "Sets the progress variable to true",
      "label": "Mark Create in progress"
    },
    "validateAddreses": {
      "module": "vb/action/builtin/callChainAction",
      "parameters": {
        "id": "flow:validateFormChain",
        "params": {
          "validationGroupId": "validation-group"
        }
      },
      "outcomes": {
        "success": "isFormValid"
      },
      "label": "Validate",
      "description": "Validates Addreses form"
    },
    "isFormValid": {
      "module": "vb/action/builtin/ifAction",
      "parameters": {
        "condition": "[[ $chain.results.validateAddreses === true ]]"
      },
      "outcomes": {
        "true": "createAddreses",
        "false": "markCreateEnded"
      },
      "label": "Is Form valid",
      "description": "Tests if form passed validation"
    },
    "createAddreses": {
      "module": "vb/action/builtin/restAction",
      "parameters": {
        "endpoint": "businessObjects/create_Addreses",
        "body": "[[ $page.variables.addreses ]]"
      },
      "outcomes": {
        "success": "fireSuccessNotification",
        "failure": "assignFailureResult"
      }
    },
    "fireSuccessNotification": {
      "module": "vb/action/builtin/fireNotificationEventAction",
      "parameters": {
        "summary": "Addreses saved",
        "message": "Addreses record successfully created",
        "type": "confirmation",
        "displayMode": "transient"
      },
      "outcomes": {
        "success": "navigateBack"
      }
    },
    "navigateBack": {
      "module": "vb/action/builtin/navigateBackAction",
      "outcomes": {
        "success": "markCreateEnded"
      }
    },
    "assignFailureResult": {
      "module": "vb/action/builtin/assignVariablesAction",
      "parameters": {
        "$variables.saveFailureResult": {
          "source": "[[ $chain.results.createAddreses ]]"
        }
      },
      "outcomes": {
        "success": "testFailureDetails"
      }
    },
    "testFailureDetails": {
      "module": "vb/action/builtin/ifAction",
      "outcomes": {
        "true": "handleDetailedErrorMessage",
        "false": "handleDefaultErrorMessage"
      },
      "parameters": {
        "condition": "[[ $variables.saveFailureResult.body['o:errorDetails'][0] ]]"
      }
    },
    "handleDetailedErrorMessage": {
      "module": "vb/action/builtin/assignVariablesAction",
      "outcomes": {
        "success": "fireErrorNotification"
      },
      "parameters": {
        "$variables.errorMessage": {
          "source": "[[ $variables.saveFailureResult.body['o:errorDetails'][0].detail ]]"
        }
      }
    },
    "handleDefaultErrorMessage": {
      "module": "vb/action/builtin/assignVariablesAction",
      "outcomes": {
        "success": "fireErrorNotification"
      },
      "parameters": {
        "$variables.errorMessage": {
          "source": "[[ 'Could not create new Addreses: status ' + $variables.saveFailureResult.status ]]"
        }
      }
    },
    "fireErrorNotification": {
      "module": "vb/action/builtin/fireNotificationEventAction",
      "parameters": {
        "summary": "Save failed",
        "message": "[[ $variables.errorMessage ]]",
        "type": "error",
        "displayMode": "persist"
      },
      "outcomes": {
        "success": "markCreateEnded"
      }
    },
    "markCreateEnded": {
      "module": "vb/action/builtin/assignVariablesAction",
      "parameters": {
        "$page.variables.createAddresesChainInProgress": {
          "source": false
        }
      },
      "description": "Sets the progress variable to false",
      "label": "Mark Create done"
    }
  }
}