{
  "title": "",
  "description": "",
  "variables": {
    "addresesListSDP": {
      "type": "vb/ServiceDataProvider",
      "defaultValue": {
        "endpoint": "businessObjects/getall_Addreses",
        "keyAttributes": "id",
        "itemsPath": "items",
        "responseType": "getallAddresesResponse",
        "filterCriterion": {
          "op": "$eq",
          "attribute": "suppliers",
          "value": "{{ $variables.xSelectedSupplierId }}"
        }
      }
    },
    "create_supp": {
      "type": "create_suppliers_type"
    },
    "searchSupplier": {
      "type": "string"
    },
    "supplierSitesListSDP": {
      "type": "vb/ServiceDataProvider",
      "defaultValue": {
        "endpoint": "businessObjects/getall_SupplierSites",
        "keyAttributes": "id",
        "itemsPath": "items",
        "responseType": "getallSupplierSitesResponse",
        "filterCriterion": {
          "op": "$eq",
          "attribute": "supplier",
          "value": "{{ $variables.xSelectedSupplierId }}"
        }
      }
    },
    "suppliersListSDP": {
      "type": "vb/ServiceDataProvider",
      "defaultValue": {
        "endpoint": "businessObjects/getall_Suppliers",
        "keyAttributes": "id",
        "itemsPath": "items",
        "responseType": "getallSuppliersResponse",
        "filterCriterion": {
          "op": "$co",
          "attribute": "name",
          "value": "{{ $variables.searchSupplier }}"
        }
      }
    },
    "table1SelectedId": {
      "type": "string",
      "defaultValue": ""
    },
    "table2SelectedId": {
      "type": "string",
      "defaultValue": ""
    },
    "table3SelectedId": {
      "type": "string",
      "defaultValue": ""
    },
    "xSelectedSupplierId": {
      "type": "number"
    }

  },
  "metadata": {},
  "types": {
    "@decorators.create_suppliers_type": {
      "endpoint": "create_suppliers",
      "service": "Suppliers",
      "path": "request"
    },
    "@decorators.getallAddresesResponse": {
      "endpoint": "getall_Addreses",
      "service": "businessObjects",
      "path": "response"
    },
    "@decorators.getallSupplierSitesResponse": {
      "endpoint": "getall_SupplierSites",
      "service": "businessObjects",
      "path": "response"
    },
    "@decorators.getallSuppliersResponse": {
      "endpoint": "getall_Suppliers",
      "service": "businessObjects",
      "path": "response"
    },
    "create_suppliers_type": {
      "addresses": [
        {
          "AdditionalAddressAttribute1": "string",
          "AdditionalAddressAttribute2": "string",
          "AdditionalAddressAttribute3": "string",
          "AdditionalAddressAttribute4": "string",
          "AdditionalAddressAttribute5": "string",
          "Addressee": "string",
          "AddressLine1": "string",
          "AddressLine2": "string",
          "AddressLine3": "string",
          "AddressLine4": "string",
          "AddressName": "string",
          "AddressPurposeOrderingFlag": "boolean",
          "AddressPurposeRemitToFlag": "boolean",
          "AddressPurposeRFQOrBiddingFlag": "boolean",
          "Building": "string",
          "City": "string",
          "Country": "string",
          "CountryCode": "string",
          "County": "string",
          "DFF": [
            {
              "__FLEX_Context": "string",
              "__FLEX_Context_DisplayValue": "string"
            }
          ],
          "Email": "string",
          "FaxAreaCode": "string",
          "FaxCountryCode": "string",
          "FaxNumber": "string",
          "FloorNumber": "string",
          "GlobalLocationNumber": "string",
          "InactiveDate": "string",
          "Language": "string",
          "LanguageCode": "string",
          "PhoneAreaCode": "string",
          "PhoneCountryCode": "string",
          "PhoneExtension": "string",
          "PhoneNumber": "string",
          "PhoneticAddress": "string",
          "PostalCode": "string",
          "PostalCodeExtension": "string",
          "Province": "string",
          "State": "string"
        }
      ],
      "Alias": "string",
      "AlternateName": "string",
      "attachments": [
        {
          "AsyncTrackerId": "string",
          "AttachedDocumentId": "number",
          "CategoryName": "string",
          "ContentRepositoryFileShared": "boolean",
          "DatatypeCode": "string",
          "Description": "string",
          "DmDocumentId": "string",
          "DmFolderPath": "string",
          "DmVersionNumber": "string",
          "DownloadInfo": "string",
          "ErrorStatusCode": "string",
          "ErrorStatusMessage": "string",
          "ExpirationDate": "string",
          "FileContents": "string",
          "FileName": "string",
          "FileUrl": "string",
          "Title": "string",
          "UploadedFileContentType": "string",
          "UploadedFileLength": "number",
          "UploadedFileName": "string",
          "UploadedText": "string",
          "Uri": "string",
          "Url": "string",
          "UserName": "string"
        }
      ],
      "BusinessClassificationNotApplicableFlag": "boolean",
      "businessClassifications": [
        {
          "attachments": [
            {
              "AsyncTrackerId": "string",
              "AttachedDocumentId": "number",
              "CategoryName": "string",
              "ContentRepositoryFileShared": "boolean",
              "DatatypeCode": "string",
              "Description": "string",
              "DmDocumentId": "string",
              "DmFolderPath": "string",
              "DmVersionNumber": "string",
              "DownloadInfo": "string",
              "ErrorStatusCode": "string",
              "ErrorStatusMessage": "string",
              "ExpirationDate": "string",
              "FileContents": "string",
              "FileName": "string",
              "FileUrl": "string",
              "Title": "string",
              "UploadedFileContentType": "string",
              "UploadedFileLength": "number",
              "UploadedFileName": "string",
              "UploadedText": "string",
              "Uri": "string",
              "Url": "string",
              "UserName": "string"
            }
          ],
          "CertificateExpirationDate": "string",
          "CertificateNumber": "string",
          "CertificateStartDate": "string",
          "CertifyingAgency": "string",
          "CertifyingAgencyId": "number",
          "Classification": "string",
          "ClassificationCode": "string",
          "ConfirmedOnDate": "string",
          "Notes": "string",
          "OtherCertifyingAgency": "string",
          "ProvidedByContactId": "number",
          "ProvidedByEmail": "string",
          "ProvidedByUserFirstName": "string",
          "ProvidedByUserLastName": "string",
          "Subclassification": "string",
          "SubclassificationCode": "string"
        }
      ],
      "BusinessRelationship": "string",
      "BusinessRelationshipCode": "string",
      "ChiefExecutiveName": "string",
      "ChiefExecutiveTitle": "string",
      "contacts": [
        {
          "addresses": [
            {
              "AddressName": "string",
              "SupplierAddressId": "number",
              "SupplierContactAddressId": "number"
            }
          ],
          "AdministrativeContactFlag": "boolean",
          "DFF": [
            {
              "__FLEX_Context": "string",
              "__FLEX_Context_DisplayValue": "string",
              "PersonProfileId": "number"
            }
          ],
          "Email": "string",
          "FaxAreaCode": "string",
          "FaxCountryCode": "string",
          "FaxNumber": "string",
          "FirstName": "string",
          "InactiveDate": "string",
          "JobTitle": "string",
          "LastName": "string",
          "MiddleName": "string",
          "MobileAreaCode": "string",
          "MobileCountryCode": "string",
          "MobileNumber": "string",
          "PersonProfileId": "number",
          "PhoneAreaCode": "string",
          "PhoneCountryCode": "string",
          "PhoneExtension": "string",
          "PhoneNumber": "string",
          "Salutation": "string",
          "SalutationCode": "string"
        }
      ],
      "CorporateWebsite": "string",
      "CurrentFiscalYearPotentialRevenue": "number",
      "CustomerNumber": "string",
      "DataFoxCompanyName": "string",
      "DataFoxCompanyPrimaryURL": "string",
      "DataFoxCountry": "string",
      "DataFoxEIN": "string",
      "DataFoxId": "string",
      "DataFoxLastSyncDate": "string",
      "DataFoxLegalName": "string",
      "DataFoxNAICSCode": "string",
      "DataFoxScore": "number",
      "DataFoxScoringCriteria": "string",
      "DFF": [
        {
          "__FLEX_Context": "string",
          "__FLEX_Context_DisplayValue": "string",
          "motivoProveedorInactivo": "string",
          "VendorId": "number"
        }
      ],
      "DUNSNumber": "string",
      "FederalIncomeTaxType": "string",
      "FederalIncomeTaxTypeCode": "string",
      "FederalReportableFlag": "boolean",
      "FiscalYearEndMonth": "string",
      "FiscalYearEndMonthCode": "string",
      "globalDFF": [
        {
          "__FLEX_Context": "string",
          "__FLEX_Context_DisplayValue": "string",
          "_Automatically__Match__using__Supp": "string",
          "_Automatically__Match__using__Supp_Display": "string",
          "_Book__Keeping__Certificate": "string",
          "_Book__Keeping__Certificate__Expir": "string",
          "_Book__Keeping__Certificate_Display": "string",
          "_Coll__Doc__Auto__Match__Amt__Typ": "string",
          "_Coll__Doc__Auto__Match__Amt__Typ_Display": "string",
          "_Collection__Document__Match__usin": "string",
          "_Collection__Document__Match__usin_Display": "string",
          "_Date__of__Birth": "string",
          "_Enable__Coll__Doc__Processing": "string",
          "_Enable__Coll__Doc__Processing_Display": "string",
          "_Include__in__Withholding__Reporti": "string",
          "_Include__in__Withholding__Reporti_Display": "string",
          "_Inst__Due__Date__Derivation__Metho": "string",
          "_Inst__Due__Date__Derivation__Metho_Display": "string",
          "_Interest__Formula": "string",
          "_Interest__Formula_Display": "string",
          "_Interest__Grace__Days": "number",
          "_Interest__Penalty__Rate___2F__Amount": "number",
          "_Interest__Penalty__Type": "string",
          "_Interest__Penalty__Type_Display": "string",
          "_Interest__Period": "number",
          "_Interest__Rate___2F__Amount": "number",
          "_Interest__Type": "string",
          "_Interest__Type_Display": "string",
          "_Occupation__Description": "string",
          "_Occupation__Description_Display": "string",
          "_Organization__Type": "string",
          "_Organization__Type_Display": "string",
          "_Override__Due__Date__on__Installme": "string",
          "_Override__Due__Date__on__Installme_Display": "string",
          "_Place__of__Birth": "string",
          "_Tax__Officer__Number": "string",
          "_Tax__Officer__Number_Display": "string",
          "_Withholding__Tax__Report__Group": "string",
          "_Withholding__Tax__Report__Group_Display": "string",
          "code": "string",
          "code_Display": "string",
          "entityStructure": "string",
          "entityStructure_Display": "string",
          "ExchangeRateDifferenceCreation": "string",
          "ExchangeRateDifferenceCreation_Display": "string",
          "ExchangeRateDifferenceOption": "string",
          "ExchangeRateDifferenceOption_Display": "string",
          "ExcludeFromOnlineVATReporting": "string",
          "ExcludeFromOnlineVATReporting_Display": "string",
          "federalOrNonFederalCode": "string",
          "federalOrNonFederalCode_Display": "string",
          "multilateralContributor": "string",
          "multilateralContributor_Display": "string",
          "OKPOCode": "string",
          "ProvinceCodeOfBirth": "string",
          "samSupplier": "string",
          "samSupplier_Display": "string",
          "SelfBillingIndicator": "string",
          "SelfBillingIndicator_Display": "string",
          "specialRegime": "string",
          "specialRegime_Display": "string",
          "tradingPartnerAgencyIdentifier": "string",
          "tradingPartnerAgencyIdentifier_Display": "string",
          "transactionLetter": "string",
          "VendorId": "number"
        }
      ],
      "InactiveDate": "string",
      "IndustryCategory": "string",
      "IndustrySubcategory": "string",
      "MissionStatement": "string",
      "NameControl": "string",
      "NationalInsuranceNumber": "string",
      "NationalInsuranceNumberExistsFlag": "boolean",
      "OFACSources": "string",
      "OneTimeSupplierFlag": "boolean",
      "OnOFACListFlag": "boolean",
      "ParentSupplier": "string",
      "ParentSupplierId": "number",
      "PreferredFunctionalCurrency": "string",
      "PreferredFunctionalCurrencyCode": "string",
      "PrincipalName": "string",
      "PrincipalTitle": "string",
      "productsAndServices": [
        {
          "CategoryDescription": "string",
          "CategoryName": "string",
          "CategoryType": "string",
          "ProductsServicesCategoryId": "number"
        }
      ],
      "sites": [
        {
          "AcknowledgmentWithinDays": "number",
          "AgingOnsetPoint": "string",
          "AgingOnsetPointCode": "string",
          "AgingPeriodDays": "number",
          "AllNewPurchasingDocumentsHoldDate": "string",
          "AllowSubstituteReceipts": "string",
          "AllowSubstituteReceiptsCode": "string",
          "AllowUnorderedReceiptsFlag": "boolean",
          "AlternatePaySite": "string",
          "AlternatePaySiteId": "number",
          "AlternateSiteName": "string",
          "AlwaysTakeDiscount": "string",
          "AlwaysTakeDiscountCode": "string",
          "AmountTolerances": "string",
          "AmountTolerancesId": "number",
          "assignments": [
            {
              "AssignmentId": "number",
              "BillPayableDistribution": "string",
              "BillPayableDistributionId": "number",
              "BillToBU": "string",
              "BillToBUId": "number",
              "BillToLocationCode": "string",
              "BillToLocationId": "number",
              "ClientBU": "string",
              "ClientBUId": "number",
              "DistributionSet": "string",
              "DistributionSetId": "number",
              "InactiveDate": "string",
              "LiabilityDistribution": "string",
              "LiabilityDistributionId": "number",
              "PrepaymentDistribution": "string",
              "PrepaymentDistributionId": "number",
              "ShipToLocationCode": "string",
              "ShipToLocationId": "number",
              "UseWithholdingTaxFlag": "boolean",
              "WithholdingTaxGroup": "string",
              "WithholdingTaxGroupId": "number"
            }
          ],
          "attachments": [
            {
              "AsyncTrackerId": "string",
              "AttachedDocumentId": "number",
              "CategoryName": "string",
              "ContentRepositoryFileShared": "boolean",
              "DatatypeCode": "string",
              "Description": "string",
              "DmDocumentId": "string",
              "DmFolderPath": "string",
              "DmVersionNumber": "string",
              "DownloadInfo": "string",
              "ErrorStatusCode": "string",
              "ErrorStatusMessage": "string",
              "ExpirationDate": "string",
              "FileContents": "string",
              "FileName": "string",
              "FileUrl": "string",
              "Title": "string",
              "UploadedFileContentType": "string",
              "UploadedFileLength": "number",
              "UploadedFileName": "string",
              "UploadedText": "string",
              "Uri": "string",
              "Url": "string",
              "UserName": "string"
            }
          ],
          "B2BCommunicationMethod": "string",
          "B2BCommunicationMethodCode": "string",
          "B2BSupplierSiteCode": "string",
          "BankChargeDeductionType": "string",
          "BankChargeDeductionTypeCode": "string",
          "BuyerManagedTransportation": "string",
          "BuyerManagedTransportationCode": "string",
          "Carrier": "string",
          "CarrierId": "number",
          "CommunicationMethod": "string",
          "CommunicationMethodCode": "string",
          "ConsumptionAdviceFrequency": "string",
          "ConsumptionAdviceFrequencyCode": "string",
          "ConsumptionAdviceSummary": "string",
          "ConsumptionAdviceSummaryCode": "string",
          "CountryOfOrigin": "string",
          "CountryOfOriginCode": "string",
          "CreateDebitMemoFromReturnFlag": "boolean",
          "CreateInterestInvoices": "string",
          "CreateInterestInvoicesCode": "string",
          "CustomerNumber": "string",
          "DFF": [
            {
              "__FLEX_Context": "string",
              "__FLEX_Context_DisplayValue": "string",
              "deFianza": "string",
              "importeFianzaMaxima": "string",
              "profesionalConFianza": "string",
              "tipoDeProveedor": "string",
              "VendorSiteId": "number"
            }
          ],
          "EarlyReceiptToleranceInDays": "number",
          "Email": "string",
          "ExcludeFreightFromDiscount": "string",
          "ExcludeFreightFromDiscountCode": "string",
          "ExcludeTaxFromDiscount": "string",
          "ExcludeTaxFromDiscountCode": "string",
          "FaxAreaCode": "string",
          "FaxCountryCode": "string",
          "FaxNumber": "string",
          "FOB": "string",
          "FOBCode": "string",
          "FreightTerms": "string",
          "FreightTermsCode": "string",
          "GaplessInvoiceNumberingFlag": "boolean",
          "globalDFF": [
            {
              "__FLEX_Context": "string",
              "__FLEX_Context_DisplayValue": "string",
              "_Book__Keeping__Certificate": "string",
              "_Book__Keeping__Certificate__Expir": "string",
              "_Book__Keeping__Certificate_Display": "string",
              "_Document__Category": "string",
              "_Document__Category_Display": "string",
              "_Enable__Coll__Doc__Processing": "string",
              "_Enable__Coll__Doc__Processing_Display": "string",
              "_Include__in__Withholding__Reporti": "string",
              "_Include__in__Withholding__Reporti_Display": "string",
              "_Installment__Due__Date__Derivatio": "string",
              "_Installment__Due__Date__Derivatio_Display": "string",
              "_Interest__Formula": "string",
              "_Interest__Formula_Display": "string",
              "_Interest__Grace__Days": "number",
              "_Interest__Penalty__Rate___2F__Amount": "number",
              "_Interest__Penalty__Type": "string",
              "_Interest__Penalty__Type_Display": "string",
              "_Interest__Period": "number",
              "_Interest__Rate___2F__Amount": "number",
              "_Interest__Type": "string",
              "_Interest__Type_Display": "string",
              "_Occupation__Description": "string",
              "_Occupation__Description_Display": "string",
              "_Organization__Type": "string",
              "_Organization__Type_Display": "string",
              "_Override__Due__Date__on__Installme": "string",
              "_Override__Due__Date__on__Installme_Display": "string",
              "_Record__Type": "string",
              "_Record__Type_Display": "string",
              "_Tax__Officer__Number": "string",
              "_Tax__Officer__Number_Display": "string",
              "_Withholding__Tax__Report__Group": "string",
              "_Withholding__Tax__Report__Group_Display": "string",
              "agencyLocationCode": "string",
              "BaBsTerritoryCode": "string",
              "BaBsTerritoryCode_Display": "string",
              "Building": "string",
              "Bulk": "string",
              "cageOrNcageCode": "string",
              "caiDueDate": "string",
              "caiNumber": "number",
              "City": "string",
              "Code": "string",
              "Code_Display": "string",
              "County": "string",
              "dbaName": "string",
              "debarred": "string",
              "debarredEndDate": "string",
              "debarredStartDate": "string",
              "defaultTradingPartnerTas": "number",
              "defaultTradingPartnerTas_Display": "string",
              "divisionName": "string",
              "eftIndicator": "string",
              "ExchangeRateDifferenceCreation": "string",
              "ExchangeRateDifferenceCreation_Display": "string",
              "ExchangeRateDifferenceOption": "string",
              "ExchangeRateDifferenceOption_Display": "string",
              "ExcludeFromOnlineVATReporting": "string",
              "ExcludeFromOnlineVATReporting_Display": "string",
              "fiscalPrinterUsed": "string",
              "fiscalPrinterUsed_Display": "string",
              "legalAddress": "string",
              "legalAddress_Display": "string",
              "legalBusinessName": "string",
              "limitTradingPartnerTas": "string",
              "limitTradingPartnerTas_Display": "string",
              "Office": "string",
              "OKTMOCode": "string",
              "OKTMOCode_Display": "string",
              "PopulationAggregate": "string",
              "samComment": "string",
              "samRegistrationStatus": "string",
              "samRegistrationStatus_Display": "string",
              "samSite": "string",
              "samSite_Display": "string",
              "samSynchronizedDate": "string",
              "smallOtherThanSmall": "string",
              "SpecialRegime": "string",
              "SpecialRegime_Display": "string",
              "State": "string",
              "Street": "string",
              "taxablePerson": "string",
              "uniqueEntityIdentifier": "string",
              "VendorSiteId": "number"
            }
          ],
          "HoldAllInvoicesFlag": "boolean",
          "HoldAllNewPurchasingDocumentsFlag": "boolean",
          "HoldUnmatchedInvoices": "string",
          "HoldUnmatchedInvoicesCode": "string",
          "HoldUnvalidatedInvoicesFlag": "boolean",
          "InactiveDate": "string",
          "IncomeTaxReportingSiteFlag": "boolean",
          "InvoiceAmountLimit": "number",
          "InvoiceChannel": "string",
          "InvoiceChannelCode": "string",
          "InvoiceCurrency": "string",
          "InvoiceCurrencyCode": "string",
          "InvoiceMatchOption": "string",
          "InvoiceMatchOptionCode": "string",
          "InvoiceSummaryLevel": "string",
          "InvoiceSummaryLevelCode": "string",
          "LateReceiptToleranceInDays": "number",
          "MatchApprovalLevel": "string",
          "MatchApprovalLevelCode": "string",
          "ModeOfTransport": "string",
          "ModeOfTransportCode": "string",
          "OverReceiptAction": "string",
          "OverReceiptActionCode": "string",
          "OverReceiptTolerance": "number",
          "PayDateBasis": "string",
          "PayDateBasisCode": "string",
          "PayGroup": "string",
          "PayGroupCode": "string",
          "PaymentCurrency": "string",
          "PaymentCurrencyCode": "string",
          "PaymentHoldDate": "string",
          "PaymentHoldReason": "string",
          "PaymentPriority": "number",
          "PaymentTerms": "string",
          "PaymentTermsDateBasis": "string",
          "PaymentTermsDateBasisCode": "string",
          "PaymentTermsId": "number",
          "PayOnReceiptFlag": "boolean",
          "PayOnUseFlag": "boolean",
          "ProcurementBU": "string",
          "ProcurementBUId": "number",
          "PurchasingHoldReason": "string",
          "QuantityTolerances": "string",
          "QuantityTolerancesId": "number",
          "ReceiptDateException": "string",
          "ReceiptDateExceptionCode": "string",
          "ReceiptRouting": "string",
          "ReceiptRoutingId": "number",
          "RequiredAcknowledgment": "string",
          "RequiredAcknowledgmentCode": "string",
          "SellingCompanyIdentifier": "string",
          "ServiceLevel": "string",
          "ServiceLevelCode": "string",
          "ShipToException": "string",
          "ShipToExceptionCode": "string",
          "SitePurposePayFlag": "boolean",
          "SitePurposePrimaryPayFlag": "boolean",
          "SitePurposeProcurementCardFlag": "boolean",
          "SitePurposePurchasingFlag": "boolean",
          "SitePurposeSourcingOnlyFlag": "boolean",
          "SupplierAddressId": "number",
          "SupplierAddressName": "string",
          "SupplierSite": "string",
          "SupplierSiteId": "number",
          "thirdPartyPaymentRelationships": [
            {
              "DefaultRelationshipFlag": "boolean",
              "Description": "string",
              "FromDate": "string",
              "RemitToAddress": "string",
              "RemitToAddressId": "number",
              "RemitToSupplier": "string",
              "RemitToSupplierPartyId": "number",
              "ToDate": "string",
              "TppRelationshipId": "number"
            }
          ]
        }
      ],
      "StandardIndustryClass": "string",
      "StateReportableFlag": "boolean",
      "Supplier": "string",
      "SupplierNumber": "string",
      "SupplierPartyId": "number",
      "SupplierType": "string",
      "SupplierTypeCode": "string",
      "TaxOrganizationType": "string",
      "TaxOrganizationTypeCode": "string",
      "TaxpayerCountry": "string",
      "TaxpayerCountryCode": "string",
      "TaxpayerId": "string",
      "TaxpayerIdExistsFlag": "boolean",
      "TaxRegistrationCountry": "string",
      "TaxRegistrationCountryCode": "string",
      "TaxRegistrationNumber": "string",
      "TaxReportingName": "string",
      "UseWithholdingTaxFlag": "boolean",
      "VerificationDate": "string",
      "WithholdingTaxGroup": "string",
      "WithholdingTaxGroupId": "number",
      "YearEstablished": "number",
      "YearIncorporated": "number"
    },
    "getallAddresesResponse": {
      "items": [
        {
          "addressLine1": "string",
          "city": "string",
          "country": "string",
          "county": "string",
          "id": "number",
          "province": "string",
          "suppliers": "number"
        }
      ]
    },
    "getallSupplierSitesResponse": {
      "items": [
        {
          "addressName": "string",
          "communicationMethod": "string",
          "emailAddress": "string",
          "id": "number",
          "procurementBU": "string",
          "purchasingPurposeFlag": "string",
          "siteName": "string",
          "supplier": "number"
        }
      ]
    },
    "getallSuppliersResponse": {
      "items": [
        {
          "businessRelationship": "string",
          "id": "number",
          "name": "string",
          "status": "string",
          "supplierType": "string",
          "taxOrganizationType": "string"

        }
      ]
    }

  },
  "eventListeners": {
    "buttonAction": {
      "chains": [
        {
          "chainId": "ButtonActionChain"
        }
      ]
    },
    "createAddresesButtonClicked": {
      "chains": [
        {
          "chainId": "navigateToCreateAddresesChain"
        }
      ]
    },
    "createAddresesButtonClicked2": {
      "chains": [
        {
          "chainId": "navigateToCreateAddresesChain2"
        }
      ]
    },
    "createSuppliersButtonClicked": {
      "chains": [
        {
          "chainId": "navigateToCreateSuppliersChain"
        }
      ]
    },
    "createSupplierSitesButtonClicked": {
      "chains": [
        {
          "chainId": "navigateToCreateSupplierSitesChain"
        }
      ]
    },
    "createSupplierSitesButtonClicked2": {
      "chains": [
        {
          "chainId": "navigateToCreateSupplierSitesChain2"
        }
      ]
    },
    "deleteAddresesButtonClicked": {
      "chains": [
        {
          "chainId": "deleteAddresesChain",
          "parameters": {
            "addresesId": "[[ $variables.table3SelectedId ]]"
          }
        }
      ]
    },
    "deleteSuppliersButtonClicked": {
      "chains": [
        {
          "chainId": "deleteSuppliersChain",
          "parameters": {
            "suppliersId": "[[ $variables.table1SelectedId ]]"
          }
        }
      ]
    },
    "deleteSupplierSitesButtonClicked": {
      "chains": [
        {
          "chainId": "deleteSupplierSitesChain",
          "parameters": {
            "supplierSitesId": "[[ $variables.table2SelectedId ]]"
          }
        }
      ]
    },
    "editAddresesButtonClicked": {
      "chains": [
        {
          "chainId": "navigateToEditAddresesChain",
          "parameters": {
            "addresesId": "[[ $variables.table3SelectedId ]]"
          }
        }
      ]
    },
    "editAddresesButtonClicked2": {
      "chains": [
        {
          "chainId": "navigateToEditAddresesChain2",
          "parameters": {
            "addresesId": "[[ $variables.table3SelectedId ]]"
          }
        }
      ]
    },
    "editSuppliersButtonClicked": {
      "chains": [
        {
          "chainId": "navigateToEditSuppliersChain",
          "parameters": {
            "suppliersId": "[[ $variables.table1SelectedId ]]"
          }
        }
      ]
    },
    "editSuppliersButtonClicked2": {
      "chains": [
        {
          "chainId": "navigateToEditSuppliersChain2",
          "parameters": {
            "suppliersId": "[[ $variables.table1SelectedId ]]"
          }
        }
      ]
    },
    "editSupplierSitesButtonClicked": {
      "chains": [
        {
          "chainId": "navigateToEditSupplierSitesChain",
          "parameters": {
            "supplierSitesId": "[[ $variables.table2SelectedId ]]"
          }
        }
      ]
    },
    "table2SelectionChanged": {
      "chains": [
        {
          "chainId": "table2ChangeSelectionChain",
          "parameters": {
            "supplierSitesId": "[[ $event.detail.value.key || '' ]]"
          }
        }
      ]
    },
    "table3SelectionChanged": {
      "chains": [
        {
          "chainId": "table3ChangeSelectionChain",
          "parameters": {
            "addresesId": "[[ $event.detail.value.key || '' ]]"
          }
        }
      ]
    },
    "tableFirstSelectedRow": {
      "chains": [
{
          "chainId": "TableFirstSelectedRowChangeChain",
          "parameters": {
            "rowKey": "{{$event.detail.value.key}}",
            "rowData": "{{$event.detail.value.data}}"
          }
        },
        {
          "chainId": "table1ChangeSelectionChain",
          "parameters": {
            "suppliersId": "[[ $event.detail.value.key || '' ]]"
          }
        }
      ]
    },
    "toggleDrawer": {
      "chains": [
        {
          "chainId": "application:toggleDrawerHandler"
        }
      ]
    },
    "vbEnter": {
      "chains": [
        {
          "parameters": {},
          "chainId": "processMenu"
        }
      ]
    }

  },
  "imports": {
    "components": {
      "oj-button": {
        "path": "ojs/ojbutton"
      },
      "oj-input-text": {
        "path": "ojs/ojinputtext"
      },
      "oj-table": {
        "path": "ojs/ojtable"
      },
      "oj-toolbar": {
        "path": "ojs/ojtoolbar"
      }

    }
  }
}