{
  "title": "Create SupplierSites",
  "description": "Creates new SupplierSites",
  "variables": {
    "createSupplierSitesChainInProgress": {
      "type": "boolean",
      "defaultValue": false
    },
    "supplierSites": {
      "type": "page:createSupplierSitesRequest"
    },
    "suppliersListSDP": {
      "type": "vb/ServiceDataProvider",
      "defaultValue": {
        "endpoint": "businessObjects/getall_Suppliers",
        "keyAttributes": "id",
        "itemsPath": "items",
        "responseType": "getallSuppliersResponse",
        "uriParameters": {}
      }
    }
  },
  "metadata": {},
  "types": {
    "@decorators.createSupplierSitesRequest": {
      "endpoint": "create_SupplierSites",
      "service": "businessObjects",
      "path": "request"
    },
    "@decorators.getallSuppliersResponse": {
      "endpoint": "getall_Suppliers",
      "service": "businessObjects",
      "path": "response"
    },
    "businessObjectsServiceErrorResponseType": {
      "body": {
        "status": "string",
        "title": "string",
        "o:errorDetails": [
          {
            "detail": "string",
            "o:errorCode": "string"
          }
        ]
      },
      "status": "number"
    },
    "createSupplierSitesRequest": {
      "addressName": "string",
      "communicationMethod": "string",
      "emailAddress": "string",
      "purchasingPurposeFlag": "string",
      "siteName": "string",
      "supplier": "number"
    },
    "getallSuppliersResponse": {
      "items": [
        {
          "id": "number",
          "name": "string"
        }
      ]
    }
  },
  "eventListeners": {
    "backButtonClicked": {
      "chains": [
        {
          "chainId": "goBackChain"
        }
      ]
    },
    "saveButtonClicked": {
      "chains": [
        {
          "chainId": "createSupplierSitesChain"
        }
      ]
    },
    "toggleDrawer": {
      "chains": [
        {
          "chainId": "application:toggleDrawerHandler"
        }
      ]
    }

  },
  "imports": {
    "components": {
      "oj-button": {
        "path": "ojs/ojbutton"
      },
      "oj-form-layout": {
        "path": "ojs/ojformlayout"
      },
      "oj-input-text": {
        "path": "ojs/ojinputtext"
      },
      "oj-select-single": {
        "path": "ojs/ojselectsingle"
      },
      "oj-toolbar": {
        "path": "ojs/ojtoolbar"
      },
      "oj-validation-group": {
        "path": "ojs/ojvalidationgroup"
      }
    }
  }
}