{
  "title": "Create Suppliers",
  "description": "Creates new Suppliers",
  "variables": {
    "createSuppliersChainInProgress": {
      "type": "boolean",
      "defaultValue": false
    },
    "suppliers": {
      "type": "page:createSuppliersRequest",
      "defaultValue": {
        "businessRelationship": "SPEND_AUTHORIZED",
        "taxOrganizationType": "Corporation",
        "supplierType": "Supplier"
      }
    }
  },
  "metadata": {},
  "types": {
    "@decorators.createSuppliersRequest": {
      "endpoint": "create_Suppliers",
      "service": "businessObjects",
      "path": "request"
    },
    "businessObjectsServiceErrorResponseType": {
      "body": {
        "status": "string",
        "title": "string",
        "o:errorDetails": [
          {
            "detail": "string",
            "o:errorCode": "string"
          }
        ]
      },
      "status": "number"
    },
    "createSuppliersRequest": {
      "businessRelationship": "string",
      "name": "string",
      "supplierType": "string",
      "taxOrganizationType": "string"
    }
  },
  "eventListeners": {
    "backButtonClicked": {
      "chains": [
        {
          "chainId": "goBackChain"
        }
      ]
    },
    "saveButtonClicked": {
      "chains": [
        {
          "chainId": "createSuppliersChain"
        }
      ]
    },
    "toggleDrawer": {
      "chains": [
        {
          "chainId": "application:toggleDrawerHandler"
        }
      ]
    }

  },
  "imports": {
    "components": {
      "oj-button": {
        "path": "ojs/ojbutton"
      },
      "oj-form-layout": {
        "path": "ojs/ojformlayout"
      },
      "oj-input-text": {
        "path": "ojs/ojinputtext"
      },
      "oj-toolbar": {
        "path": "ojs/ojtoolbar"
      },
      "oj-validation-group": {
        "path": "ojs/ojvalidationgroup"
      }
    }
  }
}