{
  "title": "Edit Supplier Site",
  "description": "Updates single SupplierSites record",
  "variables": {
    "saveSupplierSitesChainInProgress": {
      "type": "boolean",
      "defaultValue": false
    },
    "supplierSites": {
      "type": "page:getSupplierSitesResponse"
    },
    "supplierSitesETag": {
      "type": "string"
    },
    "supplierSitesId": {
      "type": "string",
      "required": true,
      "input": "fromUrl"
    }
  },
  "metadata": {},
  "types": {
    "@decorators.getSupplierSitesResponse": {
      "endpoint": "get_SupplierSites",
      "service": "businessObjects",
      "path": "response"
    },
    "businessObjectsServiceErrorResponseType": {
      "body": {
        "status": "string",
        "title": "string",
        "o:errorDetails": [
          {
            "detail": "string",
            "o:errorCode": "string"
          }
        ]
      },
      "status": "number"
    },
    "getSupplierSitesResponse": {
      "addressName": "string",
      "communicationMethod": "string",
      "emailAddress": "string",
      "procurementBU": "string",
      "purchasingPurposeFlag": "string",
      "siteName": "string"
    }
  },
  "eventListeners": {
    "backButtonClicked": {
      "chains": [
        {
          "chainId": "goBackChain"
        }
      ]
    },
    "saveButtonClicked": {
      "chains": [
        {
          "chainId": "saveSupplierSitesChain"
        }
      ]
    },
    "toggleDrawer": {
      "chains": [
        {
          "chainId": "application:toggleDrawerHandler"
        }
      ]
    },
    "vbEnter": {
      "chains": [
        {
          "chainId": "loadSupplierSitesChain"
        }
      ]
    }
  },
  "imports": {
    "components": {
      "oj-button": {
        "path": "ojs/ojbutton"
      },
      "oj-form-layout": {
        "path": "ojs/ojformlayout"
      },
      "oj-input-text": {
        "path": "ojs/ojinputtext"
      },
      "oj-toolbar": {
        "path": "ojs/ojtoolbar"
      },
      "oj-validation-group": {
        "path": "ojs/ojvalidationgroup"
      }
    }
  }
}