{
  "title": "Edit Address",
  "description": "Updates single Addreses record",
  "variables": {
    "addreses": {
      "type": "page:getAddresesResponse"
    },
    "addresesETag": {
      "type": "string"
    },
    "addresesId": {
      "type": "string",
      "required": true,
      "input": "fromUrl"
    },
    "saveAddresesChainInProgress": {
      "type": "boolean",
      "defaultValue": false
    },
    "suppliersListSDP": {
      "type": "vb/ServiceDataProvider",
      "defaultValue": {
        "endpoint": "businessObjects/getall_Suppliers",
        "keyAttributes": "id",
        "itemsPath": "items",
        "responseType": "getallSuppliersResponse",
        "uriParameters": {}
      }
    }
  },
  "metadata": {},
  "types": {
    "@decorators.getAddresesResponse": {
      "endpoint": "get_Addreses",
      "service": "businessObjects",
      "path": "response"
    },
    "@decorators.getallSuppliersResponse": {
      "endpoint": "getall_Suppliers",
      "service": "businessObjects",
      "path": "response"
    },
    "businessObjectsServiceErrorResponseType": {
      "body": {
        "status": "string",
        "title": "string",
        "o:errorDetails": [
          {
            "detail": "string",
            "o:errorCode": "string"
          }
        ]
      },
      "status": "number"
    },
    "getAddresesResponse": {
      "addressLine1": "string",
      "city": "string",
      "country": "string",
      "county": "string",
      "orderingPurposeFlag": "string",
      "province": "string",
      "suppliers": "number"
    },
    "getallSuppliersResponse": {
      "items": [
        {
          "id": "number",
          "name": "string"
        }
      ]
    }
  },
  "eventListeners": {
    "backButtonClicked": {
      "chains": [
        {
          "chainId": "goBackChain"
        }
      ]
    },
    "saveButtonClicked": {
      "chains": [
        {
          "chainId": "saveAddresesChain"
        }
      ]
    },
    "toggleDrawer": {
      "chains": [
        {
          "chainId": "application:toggleDrawerHandler"
        }
      ]
    },
    "vbEnter": {
      "chains": [
        {
          "chainId": "loadAddresesChain"
        }
      ]
    }
  },
  "imports": {
    "components": {
      "oj-button": {
        "path": "ojs/ojbutton"
      },
      "oj-form-layout": {
        "path": "ojs/ojformlayout"
      },
      "oj-input-text": {
        "path": "ojs/ojinputtext"
      },
      "oj-select-single": {
        "path": "ojs/ojselectsingle"
      },
      "oj-toolbar": {
        "path": "ojs/ojtoolbar"
      },
      "oj-validation-group": {
        "path": "ojs/ojvalidationgroup"
      }
    }
  }
}