{
    "fields": [
        {
            "type": "number",
            "name": "id",
            "key": true,
            "oid": "769a7124-576a-40c2-9af3-7b6b390225b4",
            "required": true,
            "unique": true,
            "displayLabel": "Id"
        },
        {
            "type": "datetime",
            "name": "creationDate",
            "oid": "bd29ac01-be29-4eb8-b753-6da37df0ea25",
            "displayLabel": "Created",
            "historyType": "timeCreated"
        },
        {
            "type": "datetime",
            "name": "lastUpdateDate",
            "oid": "2643bb15-ebfa-4746-a616-b360c5723944",
            "displayLabel": "Last Updated",
            "historyType": "timeUpdated"
        },
        {
            "type": "string",
            "name": "createdBy",
            "oid": "0d2e4922-c0a1-4186-918f-812c01328cab",
            "displayLabel": "Created By",
            "historyType": "createdBy"
        },
        {
            "type": "string",
            "name": "lastUpdatedBy",
            "oid": "5a4c8daa-c590-4963-a119-7b381432fb51",
            "displayLabel": "Last Updated By",
            "historyType": "updatedBy"
        },
{
            "type": "number",
            "name": "abcsChangeNumber",
            "oid": "e586291b-f149-4fb2-b459-55539b3e43af",
            "displayLabel": "Version Number",
            "historyType": "versionNumber"
        },
        {
            "type": "string",
            "name": "siteName",
            "oid": "81d9448f-44c4-443e-9202-2098815640e7",
            "displayLabel": "SiteName"
        }        ,
        {
            "type": "string",
            "name": "addressName",
            "oid": "e9011127-e713-4d8c-bb64-a3b5c4be855b",
            "displayLabel": "AddressName"
        }        ,
        {
            "type": "string",
            "name": "procurementBU",
            "oid": "91ba79c0-14a8-42c7-a086-6777371fa12b",
            "displayLabel": "ProcurementBU"
        }        ,
        {
            "type": "string",
            "name": "purchasingPurposeFlag",
            "oid": "1b1c2f2a-124f-40b7-ba13-4120b33e12cd",
            "displayLabel": "PurchasingPurposeFlag"
        }        ,
        {
            "type": "string",
            "name": "communicationMethod",
            "oid": "4f668933-ae8c-4952-980c-aa2d526e9056",
            "displayLabel": "CommunicationMethod"
        }        ,
        {
            "type": "string",
            "name": "emailAddress",
            "oid": "569c0413-da36-48f0-968a-3788f475d682",
            "displayLabel": "EmailAddress"
        }        ,
        {
            "type": "number",
            "name": "supplier",
            "oid": "bc35deea-535f-4cc2-968f-de83e4401f33",
            "displayLabel": "Supplier"
        }
    ],
    "name": "SupplierSites",
    "oid": "8064bd21-6f98-4fee-ba68-c7d2e2f1e7cd",
    "displayLabel": "SupplierSite",
    "pluralLabel": "SupplierSites",
    "relationships": [
        {
            "name": "supplierObject",
            "reverseRelationship": "supplierSiteCollection",
            "targetEntity": "Suppliers",
            "type": "outgoing",
            "exposeAccessor": true,
            "mappingField": "supplier",
            "deleteRule": "cascade"
        }
    ]
}