{
  "root": "loadAddreses",
  "actions": {
    "loadAddreses": {
      "module": "vb/action/builtin/restAction",
      "parameters": {
        "endpoint": "businessObjects/get_Addreses",
        "uriParams": {
          "Addreses_Id": "[[ $page.variables.addresesId ]]"
        },
        "responseType": "page:getAddresesResponse"
      },
      "outcomes": {
        "success": "assignPayload",
        "failure": "fireErrorNotification"
      }
    },
    "assignPayload": {
      "module": "vb/action/builtin/assignVariablesAction",
      "parameters": {
        "$page.variables.addreses": {
          "source": "{{ $chain.results.loadAddreses.body }}"
        },
        "$page.variables.addresesETag": {
          "source": "[[ $chain.results.loadAddreses.headers.get('ETag') ]]"
        }
      }
    },
    "fireErrorNotification": {
      "module": "vb/action/builtin/fireNotificationEventAction",
      "parameters": {
        "summary": "Could not load data",
        "message": "{{ 'Could not load data: status ' + $chain.results.loadAddreses.status }}",
        "type": "error",
        "displayMode": "persist"
      }
    }
  }
}