{
    "roleMapping": {
        "idcsHostUrl": "https://idcs-9992d34bae5f4e4190d9be6618711a39.identity.oraclecloud.com:443",
        "roles": {
            "EnterDraftData": {
                "base_configuration": {
                    "users": [
                        {
                            "id": "6a5ab3a1eb3a43e380a62250947e8645",
                            "displayName": "Juan Montero",
                            "userName": "juanje"
                        },
                        {
                            "id": "a4afa6c2699d48ccb08d9134d16395de",
                            "displayName": "Juan Montero",
                            "userName": "juanjesusmontero"
                        }
                    ],
                    "groups": [ ]
                }
            },
            "Approvers_Group2": {
                "base_configuration": {
                    "users": [
                        {
                            "id": "6a5ab3a1eb3a43e380a62250947e8645",
                            "displayName": "Juan Montero",
                            "userName": "juanje"
                        },
                        {
                            "id": "a4afa6c2699d48ccb08d9134d16395de",
                            "displayName": "Juan Montero",
                            "userName": "juanjesusmontero"
                        }
                    ],
                    "groups": [ ]
                }
            },
            "Approvers_Group1": {
                "base_configuration": {
                    "users": [
                        {
                            "id": "6a5ab3a1eb3a43e380a62250947e8645",
                            "displayName": "Juan Montero",
                            "userName": "juanje"
                        },
                        {
                            "id": "a4afa6c2699d48ccb08d9134d16395de",
                            "displayName": "Juan Montero",
                            "userName": "juanjesusmontero"
                        }
                    ],
                    "groups": [ ]
                }
            },
            "QueryData": {
                "base_configuration": {
                    "users": [
                        {
                            "id": "6a5ab3a1eb3a43e380a62250947e8645",
                            "displayName": "Juan Montero",
                            "userName": "juanje"
                        },
                        {
                            "id": "a4afa6c2699d48ccb08d9134d16395de",
                            "displayName": "Juan Montero",
                            "userName": "juanjesusmontero"
                        }
                    ],
                    "groups": [ ]
                }
            },
            "CreateSupplier": {
                "base_configuration": {
                    "users": [ ],
                    "groups": [ ]
                }
            }
        }
    }
}