{
  "root": "loadSuppliers",
  "actions": {
    "loadSuppliers": {
      "module": "vb/action/builtin/restAction",
      "parameters": {
        "endpoint": "businessObjects/get_Suppliers",
        "uriParams": {
          "Suppliers_Id": "[[ $page.variables.suppliersId ]]"
        },
        "responseType": "page:getSuppliersResponse"
      },
      "outcomes": {
        "success": "assignPayload",
        "failure": "fireErrorNotification"
      }
    },
    "assignPayload": {
      "module": "vb/action/builtin/assignVariablesAction",
      "parameters": {
        "$page.variables.suppliers": {
          "source": "{{ $chain.results.loadSuppliers.body }}"
        },
        "$page.variables.suppliersETag": {
          "source": "[[ $chain.results.loadSuppliers.headers.get('ETag') ]]"
        }
      }
    },
    "fireErrorNotification": {
      "module": "vb/action/builtin/fireNotificationEventAction",
      "parameters": {
        "summary": "Could not load data",
        "message": "{{ 'Could not load data: status ' + $chain.results.loadSuppliers.status }}",
        "type": "error",
        "displayMode": "persist"
      }
    }
  }
}