{
  "variables": {
    "saveFailureResult": {
      "type": "page:businessObjectsServiceErrorResponseType"
    },
    "errorMessage": {
      "type": "string"
    },
    "saveHeaders": {
      "type": "object"
    }
  },
  "root": "markSaveStarted",
  "actions": {
    "markSaveStarted": {
      "module": "vb/action/builtin/assignVariablesAction",
      "parameters": {
        "$page.variables.saveSuppliersChainInProgress": {
          "source": true
        }
      },
      "outcomes": {
        "success": "validateSuppliers"
      },
      "description": "Sets the progress variable to true",
      "label": "Mark Save in progress"
    },
    "validateSuppliers": {
      "module": "vb/action/builtin/callChainAction",
      "parameters": {
        "id": "flow:validateFormChain",
        "params": {
          "validationGroupId": "validation-group"
        }
      },
      "outcomes": {
        "success": "isFormValid"
      },
      "label": "Validate",
      "description": "Validates Suppliers form"
    },
    "isFormValid": {
      "module": "vb/action/builtin/ifAction",
      "parameters": {
        "condition": "[[ $chain.results.validateSuppliers === true ]]"
      },
      "outcomes": {
        "true": "checkETag",
        "false": "markSaveEnded"
      },
      "label": "Is Form valid",
      "description": "Tests if form passed validation"
    },
    "checkETag": {
      "module": "vb/action/builtin/ifAction",
      "parameters": {
        "condition": "[[ $page.variables.suppliersETag ]]"
      },
      "outcomes": {
        "true": "assignIfMatchHeader",
        "false": "saveSuppliers"
      }
    },
    "assignIfMatchHeader": {
      "module": "vb/action/builtin/assignVariablesAction",
      "parameters": {
        "$variables.saveHeaders": {
          "source": "[[ { 'If-Match': $page.variables.suppliersETag } ]]"
        }
      },
      "outcomes": {
        "success": "saveSuppliers"
      }
    },
    "saveSuppliers": {
      "module": "vb/action/builtin/restAction",
      "parameters": {
        "endpoint": "businessObjects/update_Suppliers",
        "body": "{{ $page.variables.suppliers }}",
        "requestType": "json",
        "uriParams": {
          "Suppliers_Id": "[[ $page.variables.suppliersId ]]"
        },
        "headers": "[[ $variables.saveHeaders ]]"
      },
      "outcomes": {
        "success": "assignPayload",
        "failure": "assignFailureResult"
      }
    },
    "assignPayload": {
      "module": "vb/action/builtin/assignVariablesAction",
      "parameters": {
        "$page.variables.suppliers": {
          "source": "{{ $chain.results.saveSuppliers.body }}"
        },
        "$page.variables.suppliersETag": {
          "source": "[[ $chain.results.saveSuppliers.headers.get('ETag') ]]"
        }
      },
      "outcomes": {
        "success": "fireSuccessNotification"
      }
    },
    "fireSuccessNotification": {
      "module": "vb/action/builtin/fireNotificationEventAction",
      "parameters": {
        "summary": "Suppliers saved",
        "message": "Suppliers record successfully updated",
        "type": "confirmation",
        "displayMode": "transient"
      },
      "outcomes": {
        "success": "callGoBackChain"
      }
    },
    "callGoBackChain": {
      "module": "vb/action/builtin/callChainAction",
      "parameters": {
        "id": "goBackChain"
      },
      "outcomes": {
        "success": "markSaveEnded"
      }
    },
    "assignFailureResult": {
      "module": "vb/action/builtin/assignVariablesAction",
      "parameters": {
        "$variables.saveFailureResult": {
          "source": "[[ $chain.results.saveSuppliers ]]"
        }
      },
      "outcomes": {
        "success": "testFailureDetails"
      }
    },
    "testFailureDetails": {
      "module": "vb/action/builtin/ifAction",
      "outcomes": {
        "true": "handleDetailedErrorMessage",
        "false": "handleDefaultErrorMessage"
      },
      "parameters": {
        "condition": "[[ $variables.saveFailureResult.body['o:errorDetails'][0] ]]"
      }
    },
    "handleDetailedErrorMessage": {
      "module": "vb/action/builtin/assignVariablesAction",
      "outcomes": {
        "success": "fireErrorNotification"
      },
      "parameters": {
        "$variables.errorMessage": {
          "source": "[[ $variables.saveFailureResult.body['o:errorDetails'][0].detail ]]"
        }
      }
    },
    "handleDefaultErrorMessage": {
      "module": "vb/action/builtin/assignVariablesAction",
      "outcomes": {
        "success": "fireErrorNotification"
      },
      "parameters": {
        "$variables.errorMessage": {
          "source": "[[ 'Could not update Suppliers: status ' + $chain.results.saveSuppliers.status ]]"
        }
      }
    },
    "fireErrorNotification": {
      "module": "vb/action/builtin/fireNotificationEventAction",
      "parameters": {
        "summary": "Save failed",
        "message": "[[ $variables.errorMessage ]]",
        "type": "error",
        "displayMode": "persist"
      },
      "outcomes": {
        "success": "markSaveEnded"
      }
    },
    "markSaveEnded": {
      "module": "vb/action/builtin/assignVariablesAction",
      "parameters": {
        "$page.variables.saveSuppliersChainInProgress": {
          "source": false
        }
      },
      "description": "Sets the progress variable to false",
      "label": "Mark Save done"
    }
  }
}